file,line,type,commit,author,date,time,timezone,datetime,depth,length
style.css,1,css,f866f4d9,Brooklyn P,2025-01-13,20:02:23,-08:00,2025-01-13T20:02:23-08:00,0,5
style.css,2,css,f866f4d9,Brooklyn P,2025-01-13,20:02:23,-08:00,2025-01-13T20:02:23-08:00,0,20
style.css,3,css,2181c7cb,Brooklyn P,2025-01-23,19:44:26,-08:00,2025-01-23T19:44:26-08:00,0,33
style.css,4,css,2181c7cb,Brooklyn P,2025-01-23,19:44:26,-08:00,2025-01-23T19:44:26-08:00,0,24
style.css,5,css,f866f4d9,Brooklyn P,2025-01-13,20:02:23,-08:00,2025-01-13T20:02:23-08:00,0,0
style.css,6,css,f866f4d9,Brooklyn P,2025-01-13,20:02:23,-08:00,2025-01-13T20:02:23-08:00,0,0
style.css,7,css,2ebcda32,Brooklyn P,2025-01-10,12:40:21,-08:00,2025-01-10T12:40:21-08:00,0,5
style.css,8,css,2ebcda32,Brooklyn P,2025-01-10,12:40:21,-08:00,2025-01-10T12:40:21-08:00,0,44
style.css,9,css,2ebcda32,Brooklyn P,2025-01-10,12:40:21,-08:00,2025-01-10T12:40:21-08:00,0,43
style.css,10,css,2ebcda32,Brooklyn P,2025-01-10,12:40:21,-08:00,2025-01-10T12:40:21-08:00,0,1
style.css,11,css,2ebcda32,Brooklyn P,2025-01-10,12:40:21,-08:00,2025-01-10T12:40:21-08:00,0,24
style.css,12,css,f866f4d9,Brooklyn P,2025-01-13,20:02:23,-08:00,2025-01-13T20:02:23-08:00,0,16
style.css,13,css,f866f4d9,Brooklyn P,2025-01-13,20:02:23,-08:00,2025-01-13T20:02:23-08:00,0,19
style.css,14,css,f866f4d9,Brooklyn P,2025-01-13,20:02:23,-08:00,2025-01-13T20:02:23-08:00,0,12
style.css,15,css,f866f4d9,Brooklyn P,2025-01-13,20:02:23,-08:00,2025-01-13T20:02:23-08:00,0,0
style.css,16,css,f866f4d9,Brooklyn P,2025-01-13,20:02:23,-08:00,2025-01-13T20:02:23-08:00,0,0
style.css,17,css,f866f4d9,Brooklyn P,2025-01-13,20:02:23,-08:00,2025-01-13T20:02:23-08:00,0,3
style.css,18,css,f866f4d9,Brooklyn P,2025-01-13,20:02:23,-08:00,2025-01-13T20:02:23-08:00,0,15
style.css,19,css,f866f4d9,Brooklyn P,2025-01-13,20:02:23,-08:00,2025-01-13T20:02:23-08:00,0,16
style.css,20,css,f866f4d9,Brooklyn P,2025-01-13,20:02:23,-08:00,2025-01-13T20:02:23-08:00,0,18
style.css,21,css,f866f4d9,Brooklyn P,2025-01-13,20:02:23,-08:00,2025-01-13T20:02:23-08:00,0,0
style.css,22,css,f866f4d9,Brooklyn P,2025-01-13,20:02:23,-08:00,2025-01-13T20:02:23-08:00,0,0
style.css,23,css,f866f4d9,Brooklyn P,2025-01-13,20:02:23,-08:00,2025-01-13T20:02:23-08:00,0,3
style.css,24,css,f866f4d9,Brooklyn P,2025-01-13,20:02:23,-08:00,2025-01-13T20:02:23-08:00,0,16
style.css,25,css,f866f4d9,Brooklyn P,2025-01-13,20:02:23,-08:00,2025-01-13T20:02:23-08:00,0,18
style.css,26,css,f866f4d9,Brooklyn P,2025-01-13,20:02:23,-08:00,2025-01-13T20:02:23-08:00,0,0
style.css,27,css,f866f4d9,Brooklyn P,2025-01-13,20:02:23,-08:00,2025-01-13T20:02:23-08:00,0,0
style.css,28,css,f866f4d9,Brooklyn P,2025-01-13,20:02:23,-08:00,2025-01-13T20:02:23-08:00,0,3
style.css,29,css,f866f4d9,Brooklyn P,2025-01-13,20:02:23,-08:00,2025-01-13T20:02:23-08:00,0,16
style.css,30,css,f866f4d9,Brooklyn P,2025-01-13,20:02:23,-08:00,2025-01-13T20:02:23-08:00,0,18
style.css,31,css,f866f4d9,Brooklyn P,2025-01-13,20:02:23,-08:00,2025-01-13T20:02:23-08:00,0,0
style.css,32,css,f866f4d9,Brooklyn P,2025-01-13,20:02:23,-08:00,2025-01-13T20:02:23-08:00,0,0
style.css,33,css,f866f4d9,Brooklyn P,2025-01-13,20:02:23,-08:00,2025-01-13T20:02:23-08:00,0,3
style.css,34,css,f866f4d9,Brooklyn P,2025-01-13,20:02:23,-08:00,2025-01-13T20:02:23-08:00,0,16
style.css,35,css,f866f4d9,Brooklyn P,2025-01-13,20:02:23,-08:00,2025-01-13T20:02:23-08:00,0,18
style.css,36,css,f866f4d9,Brooklyn P,2025-01-13,20:02:23,-08:00,2025-01-13T20:02:23-08:00,0,0
style.css,37,css,f866f4d9,Brooklyn P,2025-01-13,20:02:23,-08:00,2025-01-13T20:02:23-08:00,0,0
style.css,38,css,f866f4d9,Brooklyn P,2025-01-13,20:02:23,-08:00,2025-01-13T20:02:23-08:00,0,3
style.css,39,css,f866f4d9,Brooklyn P,2025-01-13,20:02:23,-08:00,2025-01-13T20:02:23-08:00,0,16
style.css,40,css,f866f4d9,Brooklyn P,2025-01-13,20:02:23,-08:00,2025-01-13T20:02:23-08:00,0,18
style.css,41,css,f866f4d9,Brooklyn P,2025-01-13,20:02:23,-08:00,2025-01-13T20:02:23-08:00,0,0
style.css,42,css,f866f4d9,Brooklyn P,2025-01-13,20:02:23,-08:00,2025-01-13T20:02:23-08:00,0,0
style.css,43,css,f866f4d9,Brooklyn P,2025-01-13,20:02:23,-08:00,2025-01-13T20:02:23-08:00,0,3
style.css,44,css,f866f4d9,Brooklyn P,2025-01-13,20:02:23,-08:00,2025-01-13T20:02:23-08:00,0,16
style.css,45,css,f866f4d9,Brooklyn P,2025-01-13,20:02:23,-08:00,2025-01-13T20:02:23-08:00,0,18
style.css,46,css,f866f4d9,Brooklyn P,2025-01-13,20:02:23,-08:00,2025-01-13T20:02:23-08:00,0,0
style.css,47,css,f866f4d9,Brooklyn P,2025-01-13,20:02:23,-08:00,2025-01-13T20:02:23-08:00,0,0
style.css,48,css,f866f4d9,Brooklyn P,2025-01-13,20:02:23,-08:00,2025-01-13T20:02:23-08:00,0,4
style.css,49,css,2181c7cb,Brooklyn P,2025-01-23,19:44:26,-08:00,2025-01-23T19:44:26-08:00,0,40
style.css,50,css,f866f4d9,Brooklyn P,2025-01-13,20:02:23,-08:00,2025-01-13T20:02:23-08:00,0,13
style.css,51,css,f866f4d9,Brooklyn P,2025-01-13,20:02:23,-08:00,2025-01-13T20:02:23-08:00,0,18
style.css,52,css,f866f4d9,Brooklyn P,2025-01-13,20:02:23,-08:00,2025-01-13T20:02:23-08:00,0,24
style.css,53,css,f866f4d9,Brooklyn P,2025-01-13,20:02:23,-08:00,2025-01-13T20:02:23-08:00,0,26
style.css,54,css,2181c7cb,Brooklyn P,2025-01-23,19:44:26,-08:00,2025-01-23T19:44:26-08:00,0,40
style.css,55,css,f866f4d9,Brooklyn P,2025-01-13,20:02:23,-08:00,2025-01-13T20:02:23-08:00,0,3
style.css,56,css,f866f4d9,Brooklyn P,2025-01-13,20:02:23,-08:00,2025-01-13T20:02:23-08:00,0,17
style.css,57,css,f866f4d9,Brooklyn P,2025-01-13,20:02:23,-08:00,2025-01-13T20:02:23-08:00,0,0
style.css,58,css,f866f4d9,Brooklyn P,2025-01-13,20:02:23,-08:00,2025-01-13T20:02:23-08:00,0,3
style.css,59,css,f866f4d9,Brooklyn P,2025-01-13,20:02:23,-08:00,2025-01-13T20:02:23-08:00,0,17
style.css,60,css,f866f4d9,Brooklyn P,2025-01-13,20:02:23,-08:00,2025-01-13T20:02:23-08:00,0,0
style.css,61,css,f866f4d9,Brooklyn P,2025-01-13,20:02:23,-08:00,2025-01-13T20:02:23-08:00,0,2
style.css,62,css,f866f4d9,Brooklyn P,2025-01-13,20:02:23,-08:00,2025-01-13T20:02:23-08:00,0,7
style.css,63,css,f866f4d9,Brooklyn P,2025-01-13,20:02:23,-08:00,2025-01-13T20:02:23-08:00,0,21
style.css,64,css,f866f4d9,Brooklyn P,2025-01-13,20:02:23,-08:00,2025-01-13T20:02:23-08:00,0,14
style.css,65,css,f866f4d9,Brooklyn P,2025-01-13,20:02:23,-08:00,2025-01-13T20:02:23-08:00,0,18
style.css,66,css,f866f4d9,Brooklyn P,2025-01-13,20:02:23,-08:00,2025-01-13T20:02:23-08:00,0,14
style.css,67,css,f866f4d9,Brooklyn P,2025-01-13,20:02:23,-08:00,2025-01-13T20:02:23-08:00,0,0
style.css,68,css,f866f4d9,Brooklyn P,2025-01-13,20:02:23,-08:00,2025-01-13T20:02:23-08:00,0,8
style.css,69,css,f866f4d9,Brooklyn P,2025-01-13,20:02:23,-08:00,2025-01-13T20:02:23-08:00,0,26
style.css,70,css,f866f4d9,Brooklyn P,2025-01-13,20:02:23,-08:00,2025-01-13T20:02:23-08:00,0,26
style.css,71,css,f866f4d9,Brooklyn P,2025-01-13,20:02:23,-08:00,2025-01-13T20:02:23-08:00,0,40
style.css,72,css,f866f4d9,Brooklyn P,2025-01-13,20:02:23,-08:00,2025-01-13T20:02:23-08:00,0,21
style.css,73,css,2181c7cb,Brooklyn P,2025-01-23,19:44:26,-08:00,2025-01-23T19:44:26-08:00,0,70
style.css,74,css,f866f4d9,Brooklyn P,2025-01-13,20:02:23,-08:00,2025-01-13T20:02:23-08:00,0,0
style.css,75,css,2181c7cb,Brooklyn P,2025-01-23,19:44:26,-08:00,2025-01-23T19:44:26-08:00,0,0
style.css,76,css,f866f4d9,Brooklyn P,2025-01-13,20:02:23,-08:00,2025-01-13T20:02:23-08:00,0,0
style.css,77,css,f866f4d9,Brooklyn P,2025-01-13,20:02:23,-08:00,2025-01-13T20:02:23-08:00,0,9
style.css,78,css,f866f4d9,Brooklyn P,2025-01-13,20:02:23,-08:00,2025-01-13T20:02:23-08:00,0,26
style.css,79,css,f866f4d9,Brooklyn P,2025-01-13,20:02:23,-08:00,2025-01-13T20:02:23-08:00,0,26
style.css,80,css,2181c7cb,Brooklyn P,2025-01-23,19:44:26,-08:00,2025-01-23T19:44:26-08:00,0,40
style.css,81,css,f866f4d9,Brooklyn P,2025-01-13,20:02:23,-08:00,2025-01-13T20:02:23-08:00,0,21
style.css,82,css,f866f4d9,Brooklyn P,2025-01-13,20:02:23,-08:00,2025-01-13T20:02:23-08:00,0,0
style.css,83,css,f866f4d9,Brooklyn P,2025-01-13,20:02:23,-08:00,2025-01-13T20:02:23-08:00,0,0
style.css,84,css,f866f4d9,Brooklyn P,2025-01-13,20:02:23,-08:00,2025-01-13T20:02:23-08:00,0,5
style.css,85,css,f866f4d9,Brooklyn P,2025-01-13,20:02:23,-08:00,2025-01-13T20:02:23-08:00,0,13
style.css,86,css,f866f4d9,Brooklyn P,2025-01-13,20:02:23,-08:00,2025-01-13T20:02:23-08:00,0,31
style.css,87,css,f866f4d9,Brooklyn P,2025-01-13,20:02:23,-08:00,2025-01-13T20:02:23-08:00,0,8
style.css,88,css,f866f4d9,Brooklyn P,2025-01-13,20:02:23,-08:00,2025-01-13T20:02:23-08:00,0,0
style.css,89,css,f866f4d9,Brooklyn P,2025-01-13,20:02:23,-08:00,2025-01-13T20:02:23-08:00,0,0
style.css,90,css,f866f4d9,Brooklyn P,2025-01-13,20:02:23,-08:00,2025-01-13T20:02:23-08:00,0,6
style.css,91,css,f866f4d9,Brooklyn P,2025-01-13,20:02:23,-08:00,2025-01-13T20:02:23-08:00,0,13
style.css,92,css,f866f4d9,Brooklyn P,2025-01-13,20:02:23,-08:00,2025-01-13T20:02:23-08:00,0,30
style.css,93,css,f866f4d9,Brooklyn P,2025-01-13,20:02:23,-08:00,2025-01-13T20:02:23-08:00,0,19
style.css,94,css,f866f4d9,Brooklyn P,2025-01-13,20:02:23,-08:00,2025-01-13T20:02:23-08:00,0,0
style.css,95,css,f866f4d9,Brooklyn P,2025-01-13,20:02:23,-08:00,2025-01-13T20:02:23-08:00,0,0
style.css,96,css,f866f4d9,Brooklyn P,2025-01-13,20:02:23,-08:00,2025-01-13T20:02:23-08:00,0,6
style.css,97,css,f866f4d9,Brooklyn P,2025-01-13,20:02:23,-08:00,2025-01-13T20:02:23-08:00,0,13
style.css,98,css,f866f4d9,Brooklyn P,2025-01-13,20:02:23,-08:00,2025-01-13T20:02:23-08:00,0,0
style.css,99,css,f866f4d9,Brooklyn P,2025-01-13,20:02:23,-08:00,2025-01-13T20:02:23-08:00,0,0
style.css,100,css,f866f4d9,Brooklyn P,2025-01-13,20:02:23,-08:00,2025-01-13T20:02:23-08:00,0,9
style.css,101,css,f866f4d9,Brooklyn P,2025-01-13,20:02:23,-08:00,2025-01-13T20:02:23-08:00,0,13
style.css,102,css,f866f4d9,Brooklyn P,2025-01-13,20:02:23,-08:00,2025-01-13T20:02:23-08:00,0,0
style.css,103,css,f866f4d9,Brooklyn P,2025-01-13,20:02:23,-08:00,2025-01-13T20:02:23-08:00,0,0
style.css,104,css,f866f4d9,Brooklyn P,2025-01-13,20:02:23,-08:00,2025-01-13T20:02:23-08:00,0,7
style.css,105,css,f866f4d9,Brooklyn P,2025-01-13,20:02:23,-08:00,2025-01-13T20:02:23-08:00,0,13
style.css,106,css,f866f4d9,Brooklyn P,2025-01-13,20:02:23,-08:00,2025-01-13T20:02:23-08:00,0,19
style.css,107,css,f866f4d9,Brooklyn P,2025-01-13,20:02:23,-08:00,2025-01-13T20:02:23-08:00,0,0
style.css,108,css,f866f4d9,Brooklyn P,2025-01-13,20:02:23,-08:00,2025-01-13T20:02:23-08:00,0,0
style.css,109,css,f866f4d9,Brooklyn P,2025-01-13,20:02:23,-08:00,2025-01-13T20:02:23-08:00,0,10
style.css,110,css,f866f4d9,Brooklyn P,2025-01-13,20:02:23,-08:00,2025-01-13T20:02:23-08:00,0,13
style.css,111,css,f866f4d9,Brooklyn P,2025-01-13,20:02:23,-08:00,2025-01-13T20:02:23-08:00,0,59
style.css,112,css,f866f4d9,Brooklyn P,2025-01-13,20:02:23,-08:00,2025-01-13T20:02:23-08:00,0,8
style.css,113,css,f866f4d9,Brooklyn P,2025-01-13,20:02:23,-08:00,2025-01-13T20:02:23-08:00,0,8
style.css,114,css,f866f4d9,Brooklyn P,2025-01-13,20:02:23,-08:00,2025-01-13T20:02:23-08:00,0,13
style.css,115,css,f866f4d9,Brooklyn P,2025-01-13,20:02:23,-08:00,2025-01-13T20:02:23-08:00,0,27
style.css,116,css,f866f4d9,Brooklyn P,2025-01-13,20:02:23,-08:00,2025-01-13T20:02:23-08:00,0,16
style.css,117,css,f866f4d9,Brooklyn P,2025-01-13,20:02:23,-08:00,2025-01-13T20:02:23-08:00,0,8
style.css,118,css,f866f4d9,Brooklyn P,2025-01-13,20:02:23,-08:00,2025-01-13T20:02:23-08:00,0,3
style.css,119,css,f866f4d9,Brooklyn P,2025-01-13,20:02:23,-08:00,2025-01-13T20:02:23-08:00,0,9
style.css,120,css,f866f4d9,Brooklyn P,2025-01-13,20:02:23,-08:00,2025-01-13T20:02:23-08:00,0,0
style.css,121,css,f866f4d9,Brooklyn P,2025-01-13,20:02:23,-08:00,2025-01-13T20:02:23-08:00,0,0
style.css,122,css,f866f4d9,Brooklyn P,2025-01-13,20:02:23,-08:00,2025-01-13T20:02:23-08:00,0,0
style.css,123,css,f866f4d9,Brooklyn P,2025-01-13,20:02:23,-08:00,2025-01-13T20:02:23-08:00,0,0
style.css,124,css,f866f4d9,Brooklyn P,2025-01-13,20:02:23,-08:00,2025-01-13T20:02:23-08:00,0,8
style.css,125,css,f866f4d9,Brooklyn P,2025-01-13,20:02:23,-08:00,2025-01-13T20:02:23-08:00,0,13
style.css,126,css,f866f4d9,Brooklyn P,2025-01-13,20:02:23,-08:00,2025-01-13T20:02:23-08:00,0,30
style.css,127,css,f866f4d9,Brooklyn P,2025-01-13,20:02:23,-08:00,2025-01-13T20:02:23-08:00,0,3
style.css,128,css,f866f4d9,Brooklyn P,2025-01-13,20:02:23,-08:00,2025-01-13T20:02:23-08:00,0,13
style.css,129,css,f866f4d9,Brooklyn P,2025-01-13,20:02:23,-08:00,2025-01-13T20:02:23-08:00,0,19
style.css,130,css,f866f4d9,Brooklyn P,2025-01-13,20:02:23,-08:00,2025-01-13T20:02:23-08:00,0,0
style.css,131,css,f866f4d9,Brooklyn P,2025-01-13,20:02:23,-08:00,2025-01-13T20:02:23-08:00,0,8
style.css,132,css,f866f4d9,Brooklyn P,2025-01-13,20:02:23,-08:00,2025-01-13T20:02:23-08:00,0,13
style.css,133,css,f866f4d9,Brooklyn P,2025-01-13,20:02:23,-08:00,2025-01-13T20:02:23-08:00,0,27
style.css,134,css,f866f4d9,Brooklyn P,2025-01-13,20:02:23,-08:00,2025-01-13T20:02:23-08:00,0,16
style.css,135,css,f866f4d9,Brooklyn P,2025-01-13,20:02:23,-08:00,2025-01-13T20:02:23-08:00,0,0
style.css,136,css,f866f4d9,Brooklyn P,2025-01-13,20:02:23,-08:00,2025-01-13T20:02:23-08:00,0,3
style.css,137,css,f866f4d9,Brooklyn P,2025-01-13,20:02:23,-08:00,2025-01-13T20:02:23-08:00,0,21
style.css,138,css,f866f4d9,Brooklyn P,2025-01-13,20:02:23,-08:00,2025-01-13T20:02:23-08:00,0,4
style.css,139,css,f866f4d9,Brooklyn P,2025-01-13,20:02:23,-08:00,2025-01-13T20:02:23-08:00,0,16
style.css,140,css,f866f4d9,Brooklyn P,2025-01-13,20:02:23,-08:00,2025-01-13T20:02:23-08:00,0,18
style.css,141,css,f866f4d9,Brooklyn P,2025-01-13,20:02:23,-08:00,2025-01-13T20:02:23-08:00,0,8
style.css,142,css,f866f4d9,Brooklyn P,2025-01-13,20:02:23,-08:00,2025-01-13T20:02:23-08:00,0,0
style.css,143,css,f866f4d9,Brooklyn P,2025-01-13,20:02:23,-08:00,2025-01-13T20:02:23-08:00,0,0
style.css,144,css,f866f4d9,Brooklyn P,2025-01-13,20:02:23,-08:00,2025-01-13T20:02:23-08:00,0,0
style.css,145,css,f866f4d9,Brooklyn P,2025-01-13,20:02:23,-08:00,2025-01-13T20:02:23-08:00,0,0
style.css,146,css,f866f4d9,Brooklyn P,2025-01-13,20:02:23,-08:00,2025-01-13T20:02:23-08:00,0,7
style.css,147,css,2181c7cb,Brooklyn P,2025-01-23,19:44:26,-08:00,2025-01-23T19:44:26-08:00,0,2
style.css,148,css,f866f4d9,Brooklyn P,2025-01-13,20:02:23,-08:00,2025-01-13T20:02:23-08:00,0,14
style.css,149,css,f866f4d9,Brooklyn P,2025-01-13,20:02:23,-08:00,2025-01-13T20:02:23-08:00,0,0
style.css,150,css,2181c7cb,Brooklyn P,2025-01-23,19:44:26,-08:00,2025-01-23T19:44:26-08:00,0,0
style.css,151,css,2181c7cb,Brooklyn P,2025-01-23,19:44:26,-08:00,2025-01-23T19:44:26-08:00,0,0
style.css,152,css,2181c7cb,Brooklyn P,2025-01-23,19:44:26,-08:00,2025-01-23T19:44:26-08:00,0,14
style.css,153,css,2181c7cb,Brooklyn P,2025-01-23,19:44:26,-08:00,2025-01-23T19:44:26-08:00,0,18
style.css,154,css,2181c7cb,Brooklyn P,2025-01-23,19:44:26,-08:00,2025-01-23T19:44:26-08:00,0,9
style.css,155,css,2181c7cb,Brooklyn P,2025-01-23,19:44:26,-08:00,2025-01-23T19:44:26-08:00,0,11
style.css,156,css,2181c7cb,Brooklyn P,2025-01-23,19:44:26,-08:00,2025-01-23T19:44:26-08:00,0,20
style.css,157,css,2181c7cb,Brooklyn P,2025-01-23,19:44:26,-08:00,2025-01-23T19:44:26-08:00,0,14
style.css,158,css,2181c7cb,Brooklyn P,2025-01-23,19:44:26,-08:00,2025-01-23T19:44:26-08:00,0,0
style.css,159,css,2181c7cb,Brooklyn P,2025-01-23,19:44:26,-08:00,2025-01-23T19:44:26-08:00,0,0
style.css,160,css,2181c7cb,Brooklyn P,2025-01-23,19:44:26,-08:00,2025-01-23T19:44:26-08:00,0,7
style.css,161,css,2181c7cb,Brooklyn P,2025-01-23,19:44:26,-08:00,2025-01-23T19:44:26-08:00,0,20
style.css,162,css,2181c7cb,Brooklyn P,2025-01-23,19:44:26,-08:00,2025-01-23T19:44:26-08:00,0,14
style.css,163,css,7ed9967e,Brooklyn P,2025-01-30,21:58:20,-08:00,2025-01-30T21:58:20-08:00,0,0
style.css,164,css,7ed9967e,Brooklyn P,2025-01-30,21:58:20,-08:00,2025-01-30T21:58:20-08:00,0,0
style.css,165,css,7ed9967e,Brooklyn P,2025-01-30,21:58:20,-08:00,2025-01-30T21:58:20-08:00,0,14
style.css,166,css,7ed9967e,Brooklyn P,2025-01-30,21:58:20,-08:00,2025-01-30T21:58:20-08:00,0,3
style.css,167,css,7ed9967e,Brooklyn P,2025-01-30,21:58:20,-08:00,2025-01-30T21:58:20-08:00,0,13
style.css,168,css,7ed9967e,Brooklyn P,2025-01-30,21:58:20,-08:00,2025-01-30T21:58:20-08:00,0,39
style.css,169,css,7ed9967e,Brooklyn P,2025-01-30,21:58:20,-08:00,2025-01-30T21:58:20-08:00,0,8
style.css,170,css,7ed9967e,Brooklyn P,2025-01-30,21:58:20,-08:00,2025-01-30T21:58:20-08:00,0,0
style.css,171,css,7ed9967e,Brooklyn P,2025-01-30,21:58:20,-08:00,2025-01-30T21:58:20-08:00,0,3
style.css,172,css,7ed9967e,Brooklyn P,2025-01-30,21:58:20,-08:00,2025-01-30T21:58:20-08:00,0,16
style.css,173,css,7ed9967e,Brooklyn P,2025-01-30,21:58:20,-08:00,2025-01-30T21:58:20-08:00,0,20
style.css,174,css,7ed9967e,Brooklyn P,2025-01-30,21:58:20,-08:00,2025-01-30T21:58:20-08:00,0,0
style.css,175,css,7ed9967e,Brooklyn P,2025-01-30,21:58:20,-08:00,2025-01-30T21:58:20-08:00,0,3
style.css,176,css,7ed9967e,Brooklyn P,2025-01-30,21:58:20,-08:00,2025-01-30T21:58:20-08:00,0,16
style.css,177,css,7ed9967e,Brooklyn P,2025-01-30,21:58:20,-08:00,2025-01-30T21:58:20-08:00,0,20
style.css,178,css,7ed9967e,Brooklyn P,2025-01-30,21:58:20,-08:00,2025-01-30T21:58:20-08:00,0,0
style.css,179,css,ca46e878,Brooklyn P,2025-02-06,21:32:15,-08:00,2025-02-06T21:32:15-08:00,0,0
style.css,180,css,ca46e878,Brooklyn P,2025-02-06,21:32:15,-08:00,2025-02-06T21:32:15-08:00,0,0
style.css,181,css,ca46e878,Brooklyn P,2025-02-06,21:32:15,-08:00,2025-02-06T21:32:15-08:00,0,19
style.css,182,css,ca46e878,Brooklyn P,2025-02-06,21:32:15,-08:00,2025-02-06T21:32:15-08:00,0,15
style.css,183,css,ca46e878,Brooklyn P,2025-02-06,21:32:15,-08:00,2025-02-06T21:32:15-08:00,0,17
style.css,184,css,ca46e878,Brooklyn P,2025-02-06,21:32:15,-08:00,2025-02-06T21:32:15-08:00,0,0
style.css,185,css,ca46e878,Brooklyn P,2025-02-06,21:32:15,-08:00,2025-02-06T21:32:15-08:00,0,43
style.css,186,css,ca46e878,Brooklyn P,2025-02-06,21:32:15,-08:00,2025-02-06T21:32:15-08:00,0,17
style.css,187,css,ca46e878,Brooklyn P,2025-02-06,21:32:15,-08:00,2025-02-06T21:32:15-08:00,0,0
style.css,188,css,ca46e878,Brooklyn P,2025-02-06,21:32:15,-08:00,2025-02-06T21:32:15-08:00,0,0
style.css,189,css,ca46e878,Brooklyn P,2025-02-06,21:32:15,-08:00,2025-02-06T21:32:15-08:00,0,8
style.css,190,css,ca46e878,Brooklyn P,2025-02-06,21:32:15,-08:00,2025-02-06T21:32:15-08:00,0,21
style.css,191,css,ca46e878,Brooklyn P,2025-02-06,21:32:15,-08:00,2025-02-06T21:32:15-08:00,0,10
style.css,192,css,ca46e878,Brooklyn P,2025-02-06,21:32:15,-08:00,2025-02-06T21:32:15-08:00,0,19
style.css,193,css,ca46e878,Brooklyn P,2025-02-06,21:32:15,-08:00,2025-02-06T21:32:15-08:00,0,30
style.css,194,css,ca46e878,Brooklyn P,2025-02-06,21:32:15,-08:00,2025-02-06T21:32:15-08:00,0,18
style.css,195,css,ca46e878,Brooklyn P,2025-02-06,21:32:15,-08:00,2025-02-06T21:32:15-08:00,0,0
style.css,196,css,ca46e878,Brooklyn P,2025-02-06,21:32:15,-08:00,2025-02-06T21:32:15-08:00,0,0
style.css,197,css,ca46e878,Brooklyn P,2025-02-06,21:32:15,-08:00,2025-02-06T21:32:15-08:00,0,8
style.css,198,css,ca46e878,Brooklyn P,2025-02-06,21:32:15,-08:00,2025-02-06T21:32:15-08:00,0,16
style.css,199,css,ca46e878,Brooklyn P,2025-02-06,21:32:15,-08:00,2025-02-06T21:32:15-08:00,0,13
style.css,200,css,ca46e878,Brooklyn P,2025-02-06,21:32:15,-08:00,2025-02-06T21:32:15-08:00,0,58
style.css,201,css,ca46e878,Brooklyn P,2025-02-06,21:32:15,-08:00,2025-02-06T21:32:15-08:00,0,41
style.css,202,css,ca46e878,Brooklyn P,2025-02-06,21:32:15,-08:00,2025-02-06T21:32:15-08:00,0,10
style.css,203,css,ca46e878,Brooklyn P,2025-02-06,21:32:15,-08:00,2025-02-06T21:32:15-08:00,0,7
style.css,204,css,ca46e878,Brooklyn P,2025-02-06,21:32:15,-08:00,2025-02-06T21:32:15-08:00,0,12
style.css,205,css,ca46e878,Brooklyn P,2025-02-06,21:32:15,-08:00,2025-02-06T21:32:15-08:00,0,0
style.css,206,css,ca46e878,Brooklyn P,2025-02-06,21:32:15,-08:00,2025-02-06T21:32:15-08:00,0,0
style.css,207,css,ca46e878,Brooklyn P,2025-02-06,21:32:15,-08:00,2025-02-06T21:32:15-08:00,0,13
style.css,208,css,ca46e878,Brooklyn P,2025-02-06,21:32:15,-08:00,2025-02-06T21:32:15-08:00,0,13
style.css,209,css,ca46e878,Brooklyn P,2025-02-06,21:32:15,-08:00,2025-02-06T21:32:15-08:00,0,19
style.css,210,css,ca46e878,Brooklyn P,2025-02-06,21:32:15,-08:00,2025-02-06T21:32:15-08:00,0,10
style.css,211,css,ca46e878,Brooklyn P,2025-02-06,21:32:15,-08:00,2025-02-06T21:32:15-08:00,0,0
style.css,212,css,ca46e878,Brooklyn P,2025-02-06,21:32:15,-08:00,2025-02-06T21:32:15-08:00,0,0
style.css,213,css,ca46e878,Brooklyn P,2025-02-06,21:32:15,-08:00,2025-02-06T21:32:15-08:00,0,11
style.css,214,css,ca46e878,Brooklyn P,2025-02-06,21:32:15,-08:00,2025-02-06T21:32:15-08:00,0,13
style.css,215,css,ca46e878,Brooklyn P,2025-02-06,21:32:15,-08:00,2025-02-06T21:32:15-08:00,0,8
style.css,216,css,ca46e878,Brooklyn P,2025-02-06,21:32:15,-08:00,2025-02-06T21:32:15-08:00,0,19
style.css,217,css,ca46e878,Brooklyn P,2025-02-06,21:32:15,-08:00,2025-02-06T21:32:15-08:00,0,0
style.css,218,css,ca46e878,Brooklyn P,2025-02-06,21:32:15,-08:00,2025-02-06T21:32:15-08:00,0,0
style.css,219,css,ca46e878,Brooklyn P,2025-02-06,21:32:15,-08:00,2025-02-06T21:32:15-08:00,0,11
style.css,220,css,ca46e878,Brooklyn P,2025-02-06,21:32:15,-08:00,2025-02-06T21:32:15-08:00,0,18
style.css,221,css,ca46e878,Brooklyn P,2025-02-06,21:32:15,-08:00,2025-02-06T21:32:15-08:00,0,11
style.css,222,css,ca46e878,Brooklyn P,2025-02-06,21:32:15,-08:00,2025-02-06T21:32:15-08:00,0,0
style.css,223,css,ca46e878,Brooklyn P,2025-02-06,21:32:15,-08:00,2025-02-06T21:32:15-08:00,0,0
style.css,224,css,ca46e878,Brooklyn P,2025-02-06,21:32:15,-08:00,2025-02-06T21:32:15-08:00,0,18
style.css,225,css,ca46e878,Brooklyn P,2025-02-06,21:32:15,-08:00,2025-02-06T21:32:15-08:00,0,17
style.css,226,css,ca46e878,Brooklyn P,2025-02-06,21:32:15,-08:00,2025-02-06T21:32:15-08:00,0,12
style.css,227,css,ca46e878,Brooklyn P,2025-02-06,21:32:15,-08:00,2025-02-06T21:32:15-08:00,0,0
style.css,228,css,ca46e878,Brooklyn P,2025-02-06,21:32:15,-08:00,2025-02-06T21:32:15-08:00,0,0
style.css,229,css,ca46e878,Brooklyn P,2025-02-06,21:32:15,-08:00,2025-02-06T21:32:15-08:00,0,0
style.css,230,css,ca46e878,Brooklyn P,2025-02-06,21:32:15,-08:00,2025-02-06T21:32:15-08:00,0,5
style.css,231,css,ca46e878,Brooklyn P,2025-02-06,21:32:15,-08:00,2025-02-06T21:32:15-08:00,0,17
style.css,232,css,ca46e878,Brooklyn P,2025-02-06,21:32:15,-08:00,2025-02-06T21:32:15-08:00,0,15
style.css,233,css,ca46e878,Brooklyn P,2025-02-06,21:32:15,-08:00,2025-02-06T21:32:15-08:00,0,0
style.css,234,css,ca46e878,Brooklyn P,2025-02-06,21:32:15,-08:00,2025-02-06T21:32:15-08:00,0,0
style.css,235,css,ca46e878,Brooklyn P,2025-02-06,21:32:15,-08:00,2025-02-06T21:32:15-08:00,0,10
style.css,236,css,ca46e878,Brooklyn P,2025-02-06,21:32:15,-08:00,2025-02-06T21:32:15-08:00,0,47
style.css,237,css,ca46e878,Brooklyn P,2025-02-06,21:32:15,-08:00,2025-02-06T21:32:15-08:00,0,0
style.css,238,css,ca46e878,Brooklyn P,2025-02-06,21:32:15,-08:00,2025-02-06T21:32:15-08:00,0,11
style.css,239,css,ca46e878,Brooklyn P,2025-02-06,21:32:15,-08:00,2025-02-06T21:32:15-08:00,0,18
style.css,240,css,ca46e878,Brooklyn P,2025-02-06,21:32:15,-08:00,2025-02-06T21:32:15-08:00,0,0
style.css,241,css,b4ab22b6,Brooklyn P,2025-02-12,19:28:23,-08:00,2025-02-12T19:28:23-08:00,0,0
style.css,242,css,b4ab22b6,Brooklyn P,2025-02-12,19:28:23,-08:00,2025-02-12T19:28:23-08:00,0,0
style.css,243,css,b4ab22b6,Brooklyn P,2025-02-12,19:28:23,-08:00,2025-02-12T19:28:23-08:00,0,7
style.css,244,css,b4ab22b6,Brooklyn P,2025-02-12,19:28:23,-08:00,2025-02-12T19:28:23-08:00,0,3
style.css,245,css,b4ab22b6,Brooklyn P,2025-02-12,19:28:23,-08:00,2025-02-12T19:28:23-08:00,0,13
style.css,246,css,b4ab22b6,Brooklyn P,2025-02-12,19:28:23,-08:00,2025-02-12T19:28:23-08:00,0,37
style.css,247,css,b4ab22b6,Brooklyn P,2025-02-12,19:28:23,-08:00,2025-02-12T19:28:23-08:00,0,16
style.css,248,css,b4ab22b6,Brooklyn P,2025-02-12,19:28:23,-08:00,2025-02-12T19:28:23-08:00,0,8
style.css,249,css,b4ab22b6,Brooklyn P,2025-02-12,19:28:23,-08:00,2025-02-12T19:28:23-08:00,0,0
style.css,250,css,b4ab22b6,Brooklyn P,2025-02-12,19:28:23,-08:00,2025-02-12T19:28:23-08:00,0,3
style.css,251,css,b4ab22b6,Brooklyn P,2025-02-12,19:28:23,-08:00,2025-02-12T19:28:23-08:00,0,25
style.css,252,css,b4ab22b6,Brooklyn P,2025-02-12,19:28:23,-08:00,2025-02-12T19:28:23-08:00,0,15
style.css,253,css,b4ab22b6,Brooklyn P,2025-02-12,19:28:23,-08:00,2025-02-12T19:28:23-08:00,0,34
style.css,254,css,b4ab22b6,Brooklyn P,2025-02-12,19:28:23,-08:00,2025-02-12T19:28:23-08:00,0,11
style.css,255,css,b4ab22b6,Brooklyn P,2025-02-12,19:28:23,-08:00,2025-02-12T19:28:23-08:00,0,0
style.css,256,css,b4ab22b6,Brooklyn P,2025-02-12,19:28:23,-08:00,2025-02-12T19:28:23-08:00,0,3
style.css,257,css,b4ab22b6,Brooklyn P,2025-02-12,19:28:23,-08:00,2025-02-12T19:28:23-08:00,0,11
style.css,258,css,b4ab22b6,Brooklyn P,2025-02-12,19:28:23,-08:00,2025-02-12T19:28:23-08:00,0,15
style.css,259,css,b4ab22b6,Brooklyn P,2025-02-12,19:28:23,-08:00,2025-02-12T19:28:23-08:00,0,11
style.css,260,css,b4ab22b6,Brooklyn P,2025-02-12,19:28:23,-08:00,2025-02-12T19:28:23-08:00,0,0
style.css,261,css,f866f4d9,Brooklyn P,2025-01-13,20:02:23,-08:00,2025-01-13T20:02:23-08:00,0,0
index.js,1,js,7ed9967e,Brooklyn P,2025-01-30,21:58:20,-08:00,2025-01-30T21:58:20-08:00,0,72
index.js,2,js,7ed9967e,Brooklyn P,2025-01-30,21:58:20,-08:00,2025-01-30T21:58:20-08:00,0,55
index.js,3,js,7ed9967e,Brooklyn P,2025-01-30,21:58:20,-08:00,2025-01-30T21:58:20-08:00,0,43
index.js,4,js,7ed9967e,Brooklyn P,2025-01-30,21:58:20,-08:00,2025-01-30T21:58:20-08:00,0,61
index.js,5,js,7ed9967e,Brooklyn P,2025-01-30,21:58:20,-08:00,2025-01-30T21:58:20-08:00,0,55
index.js,6,js,7ed9967e,Brooklyn P,2025-01-30,21:58:20,-08:00,2025-01-30T21:58:20-08:00,0,54
index.js,7,js,7ed9967e,Brooklyn P,2025-01-30,21:58:20,-08:00,2025-01-30T21:58:20-08:00,0,61
index.js,8,js,7ed9967e,Brooklyn P,2025-01-30,21:58:20,-08:00,2025-01-30T21:58:20-08:00,0,18
index.js,9,js,7ed9967e,Brooklyn P,2025-01-30,21:58:20,-08:00,2025-01-30T21:58:20-08:00,0,25
index.js,10,js,7ed9967e,Brooklyn P,2025-01-30,21:58:20,-08:00,2025-01-30T21:58:20-08:00,0,3
index.js,11,js,7ed9967e,Brooklyn P,2025-01-30,21:58:20,-08:00,2025-01-30T21:58:20-08:00,0,56
index.js,12,js,7ed9967e,Brooklyn P,2025-01-30,21:58:20,-08:00,2025-01-30T21:58:20-08:00,0,56
index.js,13,js,7ed9967e,Brooklyn P,2025-01-30,21:58:20,-08:00,2025-01-30T21:58:20-08:00,0,50
index.js,14,js,7ed9967e,Brooklyn P,2025-01-30,21:58:20,-08:00,2025-01-30T21:58:20-08:00,0,50
index.js,15,js,7ed9967e,Brooklyn P,2025-01-30,21:58:20,-08:00,2025-01-30T21:58:20-08:00,0,4
index.js,16,js,7ed9967e,Brooklyn P,2025-01-30,21:58:20,-08:00,2025-01-30T21:58:20-08:00,0,1
index.js,17,js,7ed9967e,Brooklyn P,2025-01-30,21:58:20,-08:00,2025-01-30T21:58:20-08:00,0,0
index.html,1,html,2ebcda32,Brooklyn P,2025-01-10,12:40:21,-08:00,2025-01-10T12:40:21-08:00,0,14
index.html,2,html,ebef6487,Brooklyn P,2025-01-23,20:03:59,-08:00,2025-01-23T20:03:59-08:00,0,28
index.html,3,html,2ebcda32,Brooklyn P,2025-01-10,12:40:21,-08:00,2025-01-10T12:40:21-08:00,0,5
index.html,4,html,2ebcda32,Brooklyn P,2025-01-10,12:40:21,-08:00,2025-01-10T12:40:21-08:00,0,21
index.html,5,html,2ebcda32,Brooklyn P,2025-01-10,12:40:21,-08:00,2025-01-10T12:40:21-08:00,0,69
index.html,6,html,2ebcda32,Brooklyn P,2025-01-10,12:40:21,-08:00,2025-01-10T12:40:21-08:00,0,58
index.html,7,html,2ebcda32,Brooklyn P,2025-01-10,12:40:21,-08:00,2025-01-10T12:40:21-08:00,0,39
index.html,8,html,2181c7cb,Brooklyn P,2025-01-23,19:44:26,-08:00,2025-01-23T19:44:26-08:00,0,46
index.html,9,html,7ed9967e,Brooklyn P,2025-01-30,21:58:20,-08:00,2025-01-30T21:58:20-08:00,0,51
index.html,10,html,2ebcda32,Brooklyn P,2025-01-10,12:40:21,-08:00,2025-01-10T12:40:21-08:00,0,6
index.html,11,html,2ebcda32,Brooklyn P,2025-01-10,12:40:21,-08:00,2025-01-10T12:40:21-08:00,0,5
index.html,12,html,2ebcda32,Brooklyn P,2025-01-10,12:40:21,-08:00,2025-01-10T12:40:21-08:00,0,23
index.html,13,html,2ebcda32,Brooklyn P,2025-01-10,12:40:21,-08:00,2025-01-10T12:40:21-08:00,0,133
index.html,14,html,2ebcda32,Brooklyn P,2025-01-10,12:40:21,-08:00,2025-01-10T12:40:21-08:00,0,101
index.html,15,html,2ebcda32,Brooklyn P,2025-01-10,12:40:21,-08:00,2025-01-10T12:40:21-08:00,0,21
index.html,16,html,7ed9967e,Brooklyn P,2025-01-30,21:58:20,-08:00,2025-01-30T21:58:20-08:00,0,3
index.html,17,html,7ed9967e,Brooklyn P,2025-01-30,21:58:20,-08:00,2025-01-30T21:58:20-08:00,0,23
index.html,18,html,7ed9967e,Brooklyn P,2025-01-30,21:58:20,-08:00,2025-01-30T21:58:20-08:00,0,21
index.html,19,html,7ed9967e,Brooklyn P,2025-01-30,21:58:20,-08:00,2025-01-30T21:58:20-08:00,0,50
index.html,20,html,7ed9967e,Brooklyn P,2025-01-30,21:58:20,-08:00,2025-01-30T21:58:20-08:00,0,5
index.html,21,html,7ed9967e,Brooklyn P,2025-01-30,21:58:20,-08:00,2025-01-30T21:58:20-08:00,0,3
index.html,22,html,7ed9967e,Brooklyn P,2025-01-30,21:58:20,-08:00,2025-01-30T21:58:20-08:00,0,23
index.html,23,html,7ed9967e,Brooklyn P,2025-01-30,21:58:20,-08:00,2025-01-30T21:58:20-08:00,0,29
index.html,24,html,2ebcda32,Brooklyn P,2025-01-10,12:40:21,-08:00,2025-01-10T12:40:21-08:00,0,6
index.html,25,html,2ebcda32,Brooklyn P,2025-01-10,12:40:21,-08:00,2025-01-10T12:40:21-08:00,0,6
global.js,1,js,2181c7cb,Brooklyn P,2025-01-23,19:44:26,-08:00,2025-01-23T19:44:26-08:00,0,26
global.js,2,js,2181c7cb,Brooklyn P,2025-01-23,19:44:26,-08:00,2025-01-23T19:44:26-08:00,0,0
global.js,3,js,2181c7cb,Brooklyn P,2025-01-23,19:44:26,-08:00,2025-01-23T19:44:26-08:00,0,42
global.js,4,js,2181c7cb,Brooklyn P,2025-01-23,19:44:26,-08:00,2025-01-23T19:44:26-08:00,0,53
global.js,5,js,2181c7cb,Brooklyn P,2025-01-23,19:44:26,-08:00,2025-01-23T19:44:26-08:00,0,0
global.js,6,js,2181c7cb,Brooklyn P,2025-01-23,19:44:26,-08:00,2025-01-23T19:44:26-08:00,0,0
global.js,7,js,2181c7cb,Brooklyn P,2025-01-23,19:44:26,-08:00,2025-01-23T19:44:26-08:00,0,71
global.js,8,js,2181c7cb,Brooklyn P,2025-01-23,19:44:26,-08:00,2025-01-23T19:44:26-08:00,0,12
global.js,9,js,ebef6487,Brooklyn P,2025-01-23,20:03:59,-08:00,2025-01-23T20:03:59-08:00,0,26
global.js,10,js,ebef6487,Brooklyn P,2025-01-23,20:03:59,-08:00,2025-01-23T20:03:59-08:00,0,39
global.js,11,js,ebef6487,Brooklyn P,2025-01-23,20:03:59,-08:00,2025-01-23T20:03:59-08:00,0,37
global.js,12,js,ebef6487,Brooklyn P,2025-01-23,20:03:59,-08:00,2025-01-23T20:03:59-08:00,0,35
global.js,13,js,fa410156,Brooklyn P,2025-02-12,18:38:02,-08:00,2025-02-12T18:38:02-08:00,0,31
global.js,14,js,2181c7cb,Brooklyn P,2025-01-23,19:44:26,-08:00,2025-01-23T19:44:26-08:00,0,56
global.js,15,js,2181c7cb,Brooklyn P,2025-01-23,19:44:26,-08:00,2025-01-23T19:44:26-08:00,0,1
global.js,16,js,2181c7cb,Brooklyn P,2025-01-23,19:44:26,-08:00,2025-01-23T19:44:26-08:00,0,39
global.js,17,js,2181c7cb,Brooklyn P,2025-01-23,19:44:26,-08:00,2025-01-23T19:44:26-08:00,0,26
global.js,18,js,2181c7cb,Brooklyn P,2025-01-23,19:44:26,-08:00,2025-01-23T19:44:26-08:00,0,21
global.js,19,js,2181c7cb,Brooklyn P,2025-01-23,19:44:26,-08:00,2025-01-23T19:44:26-08:00,0,15
global.js,20,js,2181c7cb,Brooklyn P,2025-01-23,19:44:26,-08:00,2025-01-23T19:44:26-08:00,0,45
global.js,21,js,2181c7cb,Brooklyn P,2025-01-23,19:44:26,-08:00,2025-01-23T19:44:26-08:00,0,17
global.js,22,js,2181c7cb,Brooklyn P,2025-01-23,19:44:26,-08:00,2025-01-23T19:44:26-08:00,0,0
global.js,23,js,2181c7cb,Brooklyn P,2025-01-23,19:44:26,-08:00,2025-01-23T19:44:26-08:00,0,19
global.js,24,js,2181c7cb,Brooklyn P,2025-01-23,19:44:26,-08:00,2025-01-23T19:44:26-08:00,0,35
global.js,25,js,2181c7cb,Brooklyn P,2025-01-23,19:44:26,-08:00,2025-01-23T19:44:26-08:00,0,12
global.js,26,js,2181c7cb,Brooklyn P,2025-01-23,19:44:26,-08:00,2025-01-23T19:44:26-08:00,0,21
global.js,27,js,2181c7cb,Brooklyn P,2025-01-23,19:44:26,-08:00,2025-01-23T19:44:26-08:00,0,66
global.js,28,js,2181c7cb,Brooklyn P,2025-01-23,19:44:26,-08:00,2025-01-23T19:44:26-08:00,0,26
global.js,29,js,2181c7cb,Brooklyn P,2025-01-23,19:44:26,-08:00,2025-01-23T19:44:26-08:00,0,0
global.js,30,js,2181c7cb,Brooklyn P,2025-01-23,19:44:26,-08:00,2025-01-23T19:44:26-08:00,0,33
global.js,31,js,2181c7cb,Brooklyn P,2025-01-23,19:44:26,-08:00,2025-01-23T19:44:26-08:00,0,19
global.js,32,js,2181c7cb,Brooklyn P,2025-01-23,19:44:26,-08:00,2025-01-23T19:44:26-08:00,0,0
global.js,33,js,2181c7cb,Brooklyn P,2025-01-23,19:44:26,-08:00,2025-01-23T19:44:26-08:00,0,13
global.js,34,js,2181c7cb,Brooklyn P,2025-01-23,19:44:26,-08:00,2025-01-23T19:44:26-08:00,0,0
global.js,35,js,2181c7cb,Brooklyn P,2025-01-23,19:44:26,-08:00,2025-01-23T19:44:26-08:00,0,0
global.js,36,js,2181c7cb,Brooklyn P,2025-01-23,19:44:26,-08:00,2025-01-23T19:44:26-08:00,0,32
global.js,37,js,2181c7cb,Brooklyn P,2025-01-23,19:44:26,-08:00,2025-01-23T19:44:26-08:00,0,12
global.js,38,js,2181c7cb,Brooklyn P,2025-01-23,19:44:26,-08:00,2025-01-23T19:44:26-08:00,0,0
global.js,39,js,2181c7cb,Brooklyn P,2025-01-23,19:44:26,-08:00,2025-01-23T19:44:26-08:00,0,27
global.js,40,js,2181c7cb,Brooklyn P,2025-01-23,19:44:26,-08:00,2025-01-23T19:44:26-08:00,0,5
global.js,41,js,2181c7cb,Brooklyn P,2025-01-23,19:44:26,-08:00,2025-01-23T19:44:26-08:00,0,7
global.js,42,js,2181c7cb,Brooklyn P,2025-01-23,19:44:26,-08:00,2025-01-23T19:44:26-08:00,0,119
global.js,43,js,2181c7cb,Brooklyn P,2025-01-23,19:44:26,-08:00,2025-01-23T19:44:26-08:00,0,35
global.js,44,js,2181c7cb,Brooklyn P,2025-01-23,19:44:26,-08:00,2025-01-23T19:44:26-08:00,0,33
global.js,45,js,2181c7cb,Brooklyn P,2025-01-23,19:44:26,-08:00,2025-01-23T19:44:26-08:00,0,8
global.js,46,js,2181c7cb,Brooklyn P,2025-01-23,19:44:26,-08:00,2025-01-23T19:44:26-08:00,0,8
global.js,47,js,2181c7cb,Brooklyn P,2025-01-23,19:44:26,-08:00,2025-01-23T19:44:26-08:00,0,1
global.js,48,js,2181c7cb,Brooklyn P,2025-01-23,19:44:26,-08:00,2025-01-23T19:44:26-08:00,0,0
global.js,49,js,2181c7cb,Brooklyn P,2025-01-23,19:44:26,-08:00,2025-01-23T19:44:26-08:00,0,45
global.js,50,js,2181c7cb,Brooklyn P,2025-01-23,19:44:26,-08:00,2025-01-23T19:44:26-08:00,0,50
global.js,51,js,2181c7cb,Brooklyn P,2025-01-23,19:44:26,-08:00,2025-01-23T19:44:26-08:00,0,58
global.js,52,js,2181c7cb,Brooklyn P,2025-01-23,19:44:26,-08:00,2025-01-23T19:44:26-08:00,0,34
global.js,53,js,2181c7cb,Brooklyn P,2025-01-23,19:44:26,-08:00,2025-01-23T19:44:26-08:00,0,45
global.js,54,js,2181c7cb,Brooklyn P,2025-01-23,19:44:26,-08:00,2025-01-23T19:44:26-08:00,0,2
global.js,55,js,2181c7cb,Brooklyn P,2025-01-23,19:44:26,-08:00,2025-01-23T19:44:26-08:00,0,0
global.js,56,js,2181c7cb,Brooklyn P,2025-01-23,19:44:26,-08:00,2025-01-23T19:44:26-08:00,0,35
global.js,57,js,2181c7cb,Brooklyn P,2025-01-23,19:44:26,-08:00,2025-01-23T19:44:26-08:00,0,40
global.js,58,js,2181c7cb,Brooklyn P,2025-01-23,19:44:26,-08:00,2025-01-23T19:44:26-08:00,0,39
global.js,59,js,2181c7cb,Brooklyn P,2025-01-23,19:44:26,-08:00,2025-01-23T19:44:26-08:00,0,0
global.js,60,js,2181c7cb,Brooklyn P,2025-01-23,19:44:26,-08:00,2025-01-23T19:44:26-08:00,0,0
global.js,61,js,2181c7cb,Brooklyn P,2025-01-23,19:44:26,-08:00,2025-01-23T19:44:26-08:00,0,37
global.js,62,js,2181c7cb,Brooklyn P,2025-01-23,19:44:26,-08:00,2025-01-23T19:44:26-08:00,0,71
global.js,63,js,2181c7cb,Brooklyn P,2025-01-23,19:44:26,-08:00,2025-01-23T19:44:26-08:00,0,0
global.js,64,js,2181c7cb,Brooklyn P,2025-01-23,19:44:26,-08:00,2025-01-23T19:44:26-08:00,0,0
global.js,65,js,2181c7cb,Brooklyn P,2025-01-23,19:44:26,-08:00,2025-01-23T19:44:26-08:00,0,41
global.js,66,js,2181c7cb,Brooklyn P,2025-01-23,19:44:26,-08:00,2025-01-23T19:44:26-08:00,0,50
global.js,67,js,2181c7cb,Brooklyn P,2025-01-23,19:44:26,-08:00,2025-01-23T19:44:26-08:00,0,22
global.js,68,js,2181c7cb,Brooklyn P,2025-01-23,19:44:26,-08:00,2025-01-23T19:44:26-08:00,0,29
global.js,69,js,2181c7cb,Brooklyn P,2025-01-23,19:44:26,-08:00,2025-01-23T19:44:26-08:00,0,33
global.js,70,js,2181c7cb,Brooklyn P,2025-01-23,19:44:26,-08:00,2025-01-23T19:44:26-08:00,0,32
global.js,71,js,2181c7cb,Brooklyn P,2025-01-23,19:44:26,-08:00,2025-01-23T19:44:26-08:00,0,88
global.js,72,js,2181c7cb,Brooklyn P,2025-01-23,19:44:26,-08:00,2025-01-23T19:44:26-08:00,0,44
global.js,73,js,2181c7cb,Brooklyn P,2025-01-23,19:44:26,-08:00,2025-01-23T19:44:26-08:00,0,0
global.js,74,js,2181c7cb,Brooklyn P,2025-01-23,19:44:26,-08:00,2025-01-23T19:44:26-08:00,0,25
global.js,75,js,7ed9967e,Brooklyn P,2025-01-30,21:58:20,-08:00,2025-01-30T21:58:20-08:00,0,2
global.js,76,js,7ed9967e,Brooklyn P,2025-01-30,21:58:20,-08:00,2025-01-30T21:58:20-08:00,0,0
global.js,77,js,7ed9967e,Brooklyn P,2025-01-30,21:58:20,-08:00,2025-01-30T21:58:20-08:00,0,37
global.js,78,js,7ed9967e,Brooklyn P,2025-01-30,21:58:20,-08:00,2025-01-30T21:58:20-08:00,0,4
global.js,79,js,7ed9967e,Brooklyn P,2025-01-30,21:58:20,-08:00,2025-01-30T21:58:20-08:00,0,40
global.js,80,js,7ed9967e,Brooklyn P,2025-01-30,21:58:20,-08:00,2025-01-30T21:58:20-08:00,0,33
global.js,81,js,7ed9967e,Brooklyn P,2025-01-30,21:58:20,-08:00,2025-01-30T21:58:20-08:00,0,20
global.js,82,js,7ed9967e,Brooklyn P,2025-01-30,21:58:20,-08:00,2025-01-30T21:58:20-08:00,0,18
global.js,83,js,7ed9967e,Brooklyn P,2025-01-30,21:58:20,-08:00,2025-01-30T21:58:20-08:00,0,67
global.js,84,js,7ed9967e,Brooklyn P,2025-01-30,21:58:20,-08:00,2025-01-30T21:58:20-08:00,0,0
global.js,85,js,7ed9967e,Brooklyn P,2025-01-30,21:58:20,-08:00,2025-01-30T21:58:20-08:00,0,34
global.js,86,js,7ed9967e,Brooklyn P,2025-01-30,21:58:20,-08:00,2025-01-30T21:58:20-08:00,0,11
global.js,87,js,7ed9967e,Brooklyn P,2025-01-30,21:58:20,-08:00,2025-01-30T21:58:20-08:00,0,0
global.js,88,js,7ed9967e,Brooklyn P,2025-01-30,21:58:20,-08:00,2025-01-30T21:58:20-08:00,0,16
global.js,89,js,7ed9967e,Brooklyn P,2025-01-30,21:58:20,-08:00,2025-01-30T21:58:20-08:00,0,60
global.js,90,js,7ed9967e,Brooklyn P,2025-01-30,21:58:20,-08:00,2025-01-30T21:58:20-08:00,0,0
global.js,91,js,7ed9967e,Brooklyn P,2025-01-30,21:58:20,-08:00,2025-01-30T21:58:20-08:00,0,0
global.js,92,js,7ed9967e,Brooklyn P,2025-01-30,21:58:20,-08:00,2025-01-30T21:58:20-08:00,0,0
global.js,93,js,7ed9967e,Brooklyn P,2025-01-30,21:58:20,-08:00,2025-01-30T21:58:20-08:00,0,79
global.js,94,js,7ed9967e,Brooklyn P,2025-01-30,21:58:20,-08:00,2025-01-30T21:58:20-08:00,0,62
global.js,95,js,7ed9967e,Brooklyn P,2025-01-30,21:58:20,-08:00,2025-01-30T21:58:20-08:00,0,18
global.js,96,js,7ed9967e,Brooklyn P,2025-01-30,21:58:20,-08:00,2025-01-30T21:58:20-08:00,0,55
global.js,97,js,7ed9967e,Brooklyn P,2025-01-30,21:58:20,-08:00,2025-01-30T21:58:20-08:00,0,0
global.js,98,js,7ed9967e,Brooklyn P,2025-01-30,21:58:20,-08:00,2025-01-30T21:58:20-08:00,0,31
global.js,99,js,7ed9967e,Brooklyn P,2025-01-30,21:58:20,-08:00,2025-01-30T21:58:20-08:00,0,27
global.js,100,js,7ed9967e,Brooklyn P,2025-01-30,21:58:20,-08:00,2025-01-30T21:58:20-08:00,0,49
global.js,101,js,7ed9967e,Brooklyn P,2025-01-30,21:58:20,-08:00,2025-01-30T21:58:20-08:00,0,20
global.js,102,js,7ed9967e,Brooklyn P,2025-01-30,21:58:20,-08:00,2025-01-30T21:58:20-08:00,0,50
global.js,103,js,7ed9967e,Brooklyn P,2025-01-30,21:58:20,-08:00,2025-01-30T21:58:20-08:00,0,50
global.js,104,js,ca46e878,Brooklyn P,2025-02-06,21:32:15,-08:00,2025-02-06T21:32:15-08:00,0,65
global.js,105,js,7ed9967e,Brooklyn P,2025-01-30,21:58:20,-08:00,2025-01-30T21:58:20-08:00,0,37
global.js,106,js,7ed9967e,Brooklyn P,2025-01-30,21:58:20,-08:00,2025-01-30T21:58:20-08:00,0,2
global.js,107,js,7ed9967e,Brooklyn P,2025-01-30,21:58:20,-08:00,2025-01-30T21:58:20-08:00,0,0
global.js,108,js,7ed9967e,Brooklyn P,2025-01-30,21:58:20,-08:00,2025-01-30T21:58:20-08:00,0,0
global.js,109,js,7ed9967e,Brooklyn P,2025-01-30,21:58:20,-08:00,2025-01-30T21:58:20-08:00,0,48
global.js,110,js,7ed9967e,Brooklyn P,2025-01-30,21:58:20,-08:00,2025-01-30T21:58:20-08:00,0,60
global.js,111,js,7ed9967e,Brooklyn P,2025-01-30,21:58:20,-08:00,2025-01-30T21:58:20-08:00,0,0
resume/index.html,1,html,2ebcda32,Brooklyn P,2025-01-10,12:40:21,-08:00,2025-01-10T12:40:21-08:00,0,14
resume/index.html,2,html,2ebcda32,Brooklyn P,2025-01-10,12:40:21,-08:00,2025-01-10T12:40:21-08:00,0,15
resume/index.html,3,html,2ebcda32,Brooklyn P,2025-01-10,12:40:21,-08:00,2025-01-10T12:40:21-08:00,0,5
resume/index.html,4,html,2ebcda32,Brooklyn P,2025-01-10,12:40:21,-08:00,2025-01-10T12:40:21-08:00,0,21
resume/index.html,5,html,2ebcda32,Brooklyn P,2025-01-10,12:40:21,-08:00,2025-01-10T12:40:21-08:00,0,69
resume/index.html,6,html,2ebcda32,Brooklyn P,2025-01-10,12:40:21,-08:00,2025-01-10T12:40:21-08:00,0,20
resume/index.html,7,html,f866f4d9,Brooklyn P,2025-01-13,20:02:23,-08:00,2025-01-13T20:02:23-08:00,0,42
resume/index.html,8,html,2181c7cb,Brooklyn P,2025-01-23,19:44:26,-08:00,2025-01-23T19:44:26-08:00,0,49
resume/index.html,9,html,2ebcda32,Brooklyn P,2025-01-10,12:40:21,-08:00,2025-01-10T12:40:21-08:00,0,6
resume/index.html,10,html,2ebcda32,Brooklyn P,2025-01-10,12:40:21,-08:00,2025-01-10T12:40:21-08:00,0,5
resume/index.html,11,html,2ebcda32,Brooklyn P,2025-01-10,12:40:21,-08:00,2025-01-10T12:40:21-08:00,0,14
resume/index.html,12,html,f866f4d9,Brooklyn P,2025-01-13,20:02:23,-08:00,2025-01-13T20:02:23-08:00,0,3
resume/index.html,13,html,f866f4d9,Brooklyn P,2025-01-13,20:02:23,-08:00,2025-01-13T20:02:23-08:00,0,23
resume/index.html,14,html,2ebcda32,Brooklyn P,2025-01-10,12:40:21,-08:00,2025-01-10T12:40:21-08:00,0,17
resume/index.html,15,html,2ebcda32,Brooklyn P,2025-01-10,12:40:21,-08:00,2025-01-10T12:40:21-08:00,0,8
resume/index.html,16,html,f866f4d9,Brooklyn P,2025-01-13,20:02:23,-08:00,2025-01-13T20:02:23-08:00,0,3
resume/index.html,17,html,f866f4d9,Brooklyn P,2025-01-13,20:02:23,-08:00,2025-01-13T20:02:23-08:00,0,33
resume/index.html,18,html,f866f4d9,Brooklyn P,2025-01-13,20:02:23,-08:00,2025-01-13T20:02:23-08:00,0,73
resume/index.html,19,html,f866f4d9,Brooklyn P,2025-01-13,20:02:23,-08:00,2025-01-13T20:02:23-08:00,0,4
resume/index.html,20,html,2ebcda32,Brooklyn P,2025-01-10,12:40:21,-08:00,2025-01-10T12:40:21-08:00,0,48
resume/index.html,21,html,f866f4d9,Brooklyn P,2025-01-13,20:02:23,-08:00,2025-01-13T20:02:23-08:00,0,61
resume/index.html,22,html,2ebcda32,Brooklyn P,2025-01-10,12:40:21,-08:00,2025-01-10T12:40:21-08:00,0,9
resume/index.html,23,html,2ebcda32,Brooklyn P,2025-01-10,12:40:21,-08:00,2025-01-10T12:40:21-08:00,0,8
resume/index.html,24,html,f866f4d9,Brooklyn P,2025-01-13,20:02:23,-08:00,2025-01-13T20:02:23-08:00,0,3
resume/index.html,25,html,f866f4d9,Brooklyn P,2025-01-13,20:02:23,-08:00,2025-01-13T20:02:23-08:00,0,19
resume/index.html,26,html,f866f4d9,Brooklyn P,2025-01-13,20:02:23,-08:00,2025-01-13T20:02:23-08:00,0,87
resume/index.html,27,html,f866f4d9,Brooklyn P,2025-01-13,20:02:23,-08:00,2025-01-13T20:02:23-08:00,0,4
resume/index.html,28,html,2ebcda32,Brooklyn P,2025-01-10,12:40:21,-08:00,2025-01-10T12:40:21-08:00,0,48
resume/index.html,29,html,f866f4d9,Brooklyn P,2025-01-13,20:02:23,-08:00,2025-01-13T20:02:23-08:00,0,72
resume/index.html,30,html,2ebcda32,Brooklyn P,2025-01-10,12:40:21,-08:00,2025-01-10T12:40:21-08:00,0,9
resume/index.html,31,html,2ebcda32,Brooklyn P,2025-01-10,12:40:21,-08:00,2025-01-10T12:40:21-08:00,0,9
resume/index.html,32,html,f866f4d9,Brooklyn P,2025-01-13,20:02:23,-08:00,2025-01-13T20:02:23-08:00,0,3
resume/index.html,33,html,f866f4d9,Brooklyn P,2025-01-13,20:02:23,-08:00,2025-01-13T20:02:23-08:00,0,23
resume/index.html,34,html,2ebcda32,Brooklyn P,2025-01-10,12:40:21,-08:00,2025-01-10T12:40:21-08:00,0,18
resume/index.html,35,html,2ebcda32,Brooklyn P,2025-01-10,12:40:21,-08:00,2025-01-10T12:40:21-08:00,0,8
resume/index.html,36,html,2ebcda32,Brooklyn P,2025-01-10,12:40:21,-08:00,2025-01-10T12:40:21-08:00,0,34
resume/index.html,37,html,2ebcda32,Brooklyn P,2025-01-10,12:40:21,-08:00,2025-01-10T12:40:21-08:00,0,61
resume/index.html,38,html,2ebcda32,Brooklyn P,2025-01-10,12:40:21,-08:00,2025-01-10T12:40:21-08:00,0,3
resume/index.html,39,html,2ebcda32,Brooklyn P,2025-01-10,12:40:21,-08:00,2025-01-10T12:40:21-08:00,0,144
resume/index.html,40,html,2ebcda32,Brooklyn P,2025-01-10,12:40:21,-08:00,2025-01-10T12:40:21-08:00,0,132
resume/index.html,41,html,2ebcda32,Brooklyn P,2025-01-10,12:40:21,-08:00,2025-01-10T12:40:21-08:00,0,104
resume/index.html,42,html,2ebcda32,Brooklyn P,2025-01-10,12:40:21,-08:00,2025-01-10T12:40:21-08:00,0,4
resume/index.html,43,html,2ebcda32,Brooklyn P,2025-01-10,12:40:21,-08:00,2025-01-10T12:40:21-08:00,0,9
resume/index.html,44,html,f866f4d9,Brooklyn P,2025-01-13,20:02:23,-08:00,2025-01-13T20:02:23-08:00,0,8
resume/index.html,45,html,f866f4d9,Brooklyn P,2025-01-13,20:02:23,-08:00,2025-01-13T20:02:23-08:00,0,27
resume/index.html,46,html,f866f4d9,Brooklyn P,2025-01-13,20:02:23,-08:00,2025-01-13T20:02:23-08:00,0,61
resume/index.html,47,html,f866f4d9,Brooklyn P,2025-01-13,20:02:23,-08:00,2025-01-13T20:02:23-08:00,0,3
resume/index.html,48,html,f866f4d9,Brooklyn P,2025-01-13,20:02:23,-08:00,2025-01-13T20:02:23-08:00,0,129
resume/index.html,49,html,f866f4d9,Brooklyn P,2025-01-13,20:02:23,-08:00,2025-01-13T20:02:23-08:00,0,156
resume/index.html,50,html,f866f4d9,Brooklyn P,2025-01-13,20:02:23,-08:00,2025-01-13T20:02:23-08:00,0,4
resume/index.html,51,html,f866f4d9,Brooklyn P,2025-01-13,20:02:23,-08:00,2025-01-13T20:02:23-08:00,0,9
resume/index.html,52,html,2ebcda32,Brooklyn P,2025-01-10,12:40:21,-08:00,2025-01-10T12:40:21-08:00,0,9
resume/index.html,53,html,f866f4d9,Brooklyn P,2025-01-13,20:02:23,-08:00,2025-01-13T20:02:23-08:00,0,3
resume/index.html,54,html,f866f4d9,Brooklyn P,2025-01-13,20:02:23,-08:00,2025-01-13T20:02:23-08:00,0,23
resume/index.html,55,html,2ebcda32,Brooklyn P,2025-01-10,12:40:21,-08:00,2025-01-10T12:40:21-08:00,0,14
resume/index.html,56,html,2ebcda32,Brooklyn P,2025-01-10,12:40:21,-08:00,2025-01-10T12:40:21-08:00,0,8
resume/index.html,57,html,2ebcda32,Brooklyn P,2025-01-10,12:40:21,-08:00,2025-01-10T12:40:21-08:00,0,3
resume/index.html,58,html,2ebcda32,Brooklyn P,2025-01-10,12:40:21,-08:00,2025-01-10T12:40:21-08:00,0,76
resume/index.html,59,html,2ebcda32,Brooklyn P,2025-01-10,12:40:21,-08:00,2025-01-10T12:40:21-08:00,0,79
resume/index.html,60,html,2ebcda32,Brooklyn P,2025-01-10,12:40:21,-08:00,2025-01-10T12:40:21-08:00,0,40
resume/index.html,61,html,2ebcda32,Brooklyn P,2025-01-10,12:40:21,-08:00,2025-01-10T12:40:21-08:00,0,4
resume/index.html,62,html,2ebcda32,Brooklyn P,2025-01-10,12:40:21,-08:00,2025-01-10T12:40:21-08:00,0,9
resume/index.html,63,html,f866f4d9,Brooklyn P,2025-01-13,20:02:23,-08:00,2025-01-13T20:02:23-08:00,0,8
resume/index.html,64,html,f866f4d9,Brooklyn P,2025-01-13,20:02:23,-08:00,2025-01-13T20:02:23-08:00,0,3
resume/index.html,65,html,f866f4d9,Brooklyn P,2025-01-13,20:02:23,-08:00,2025-01-13T20:02:23-08:00,0,79
resume/index.html,66,html,f866f4d9,Brooklyn P,2025-01-13,20:02:23,-08:00,2025-01-13T20:02:23-08:00,0,96
resume/index.html,67,html,f866f4d9,Brooklyn P,2025-01-13,20:02:23,-08:00,2025-01-13T20:02:23-08:00,0,0
resume/index.html,68,html,f866f4d9,Brooklyn P,2025-01-13,20:02:23,-08:00,2025-01-13T20:02:23-08:00,0,4
resume/index.html,69,html,f866f4d9,Brooklyn P,2025-01-13,20:02:23,-08:00,2025-01-13T20:02:23-08:00,0,9
resume/index.html,70,html,2ebcda32,Brooklyn P,2025-01-10,12:40:21,-08:00,2025-01-10T12:40:21-08:00,0,9
resume/index.html,71,html,f866f4d9,Brooklyn P,2025-01-13,20:02:23,-08:00,2025-01-13T20:02:23-08:00,0,3
resume/index.html,72,html,f866f4d9,Brooklyn P,2025-01-13,20:02:23,-08:00,2025-01-13T20:02:23-08:00,0,22
resume/index.html,73,html,2ebcda32,Brooklyn P,2025-01-10,12:40:21,-08:00,2025-01-10T12:40:21-08:00,0,13
resume/index.html,74,html,2ebcda32,Brooklyn P,2025-01-10,12:40:21,-08:00,2025-01-10T12:40:21-08:00,0,68
resume/index.html,75,html,2ebcda32,Brooklyn P,2025-01-10,12:40:21,-08:00,2025-01-10T12:40:21-08:00,0,89
resume/index.html,76,html,2ebcda32,Brooklyn P,2025-01-10,12:40:21,-08:00,2025-01-10T12:40:21-08:00,0,9
resume/index.html,77,html,2ebcda32,Brooklyn P,2025-01-10,12:40:21,-08:00,2025-01-10T12:40:21-08:00,0,6
resume/index.html,78,html,2ebcda32,Brooklyn P,2025-01-10,12:40:21,-08:00,2025-01-10T12:40:21-08:00,0,6
projects/projects.js,1,js,ca46e878,Brooklyn P,2025-02-06,21:32:15,-08:00,2025-02-06T21:32:15-08:00,0,64
projects/projects.js,2,js,7ed9967e,Brooklyn P,2025-01-30,21:58:20,-08:00,2025-01-30T21:58:20-08:00,0,56
projects/projects.js,3,js,7ed9967e,Brooklyn P,2025-01-30,21:58:20,-08:00,2025-01-30T21:58:20-08:00,0,56
projects/projects.js,4,js,7ed9967e,Brooklyn P,2025-01-30,21:58:20,-08:00,2025-01-30T21:58:20-08:00,0,61
projects/projects.js,5,js,ca46e878,Brooklyn P,2025-02-06,21:32:15,-08:00,2025-02-06T21:32:15-08:00,0,49
projects/projects.js,6,js,ca46e878,Brooklyn P,2025-02-06,21:32:15,-08:00,2025-02-06T21:32:15-08:00,0,58
projects/projects.js,7,js,ca46e878,Brooklyn P,2025-02-06,21:32:15,-08:00,2025-02-06T21:32:15-08:00,0,48
projects/projects.js,8,js,ca46e878,Brooklyn P,2025-02-06,21:32:15,-08:00,2025-02-06T21:32:15-08:00,0,0
projects/projects.js,9,js,ca46e878,Brooklyn P,2025-02-06,21:32:15,-08:00,2025-02-06T21:32:15-08:00,0,14
projects/projects.js,10,js,ca46e878,Brooklyn P,2025-02-06,21:32:15,-08:00,2025-02-06T21:32:15-08:00,0,31
projects/projects.js,11,js,ca46e878,Brooklyn P,2025-02-06,21:32:15,-08:00,2025-02-06T21:32:15-08:00,0,54
projects/projects.js,12,js,ca46e878,Brooklyn P,2025-02-06,21:32:15,-08:00,2025-02-06T21:32:15-08:00,0,50
projects/projects.js,13,js,ca46e878,Brooklyn P,2025-02-06,21:32:15,-08:00,2025-02-06T21:32:15-08:00,0,20
projects/projects.js,14,js,ca46e878,Brooklyn P,2025-02-06,21:32:15,-08:00,2025-02-06T21:32:15-08:00,0,26
projects/projects.js,15,js,ca46e878,Brooklyn P,2025-02-06,21:32:15,-08:00,2025-02-06T21:32:15-08:00,0,18
projects/projects.js,16,js,ca46e878,Brooklyn P,2025-02-06,21:32:15,-08:00,2025-02-06T21:32:15-08:00,0,26
projects/projects.js,17,js,ca46e878,Brooklyn P,2025-02-06,21:32:15,-08:00,2025-02-06T21:32:15-08:00,0,0
projects/projects.js,18,js,ca46e878,Brooklyn P,2025-02-06,21:32:15,-08:00,2025-02-06T21:32:15-08:00,0,21
projects/projects.js,19,js,ca46e878,Brooklyn P,2025-02-06,21:32:15,-08:00,2025-02-06T21:32:15-08:00,0,52
projects/projects.js,20,js,ca46e878,Brooklyn P,2025-02-06,21:32:15,-08:00,2025-02-06T21:32:15-08:00,0,60
projects/projects.js,21,js,ca46e878,Brooklyn P,2025-02-06,21:32:15,-08:00,2025-02-06T21:32:15-08:00,0,43
projects/projects.js,22,js,ca46e878,Brooklyn P,2025-02-06,21:32:15,-08:00,2025-02-06T21:32:15-08:00,0,2
projects/projects.js,23,js,ca46e878,Brooklyn P,2025-02-06,21:32:15,-08:00,2025-02-06T21:32:15-08:00,0,35
projects/projects.js,24,js,ca46e878,Brooklyn P,2025-02-06,21:32:15,-08:00,2025-02-06T21:32:15-08:00,0,26
projects/projects.js,25,js,ca46e878,Brooklyn P,2025-02-06,21:32:15,-08:00,2025-02-06T21:32:15-08:00,0,104
projects/projects.js,26,js,ca46e878,Brooklyn P,2025-02-06,21:32:15,-08:00,2025-02-06T21:32:15-08:00,0,79
projects/projects.js,27,js,ca46e878,Brooklyn P,2025-02-06,21:32:15,-08:00,2025-02-06T21:32:15-08:00,0,2
projects/projects.js,28,js,ca46e878,Brooklyn P,2025-02-06,21:32:15,-08:00,2025-02-06T21:32:15-08:00,0,0
projects/projects.js,29,js,ca46e878,Brooklyn P,2025-02-06,21:32:15,-08:00,2025-02-06T21:32:15-08:00,0,30
projects/projects.js,30,js,ca46e878,Brooklyn P,2025-02-06,21:32:15,-08:00,2025-02-06T21:32:15-08:00,0,39
projects/projects.js,31,js,ca46e878,Brooklyn P,2025-02-06,21:32:15,-08:00,2025-02-06T21:32:15-08:00,0,26
projects/projects.js,32,js,ca46e878,Brooklyn P,2025-02-06,21:32:15,-08:00,2025-02-06T21:32:15-08:00,0,30
projects/projects.js,33,js,ca46e878,Brooklyn P,2025-02-06,21:32:15,-08:00,2025-02-06T21:32:15-08:00,0,13
projects/projects.js,34,js,ca46e878,Brooklyn P,2025-02-06,21:32:15,-08:00,2025-02-06T21:32:15-08:00,0,15
projects/projects.js,35,js,ca46e878,Brooklyn P,2025-02-06,21:32:15,-08:00,2025-02-06T21:32:15-08:00,0,13
projects/projects.js,36,js,ca46e878,Brooklyn P,2025-02-06,21:32:15,-08:00,2025-02-06T21:32:15-08:00,0,1
projects/projects.js,37,js,ca46e878,Brooklyn P,2025-02-06,21:32:15,-08:00,2025-02-06T21:32:15-08:00,0,19
projects/projects.js,38,js,ca46e878,Brooklyn P,2025-02-06,21:32:15,-08:00,2025-02-06T21:32:15-08:00,0,51
projects/projects.js,39,js,ca46e878,Brooklyn P,2025-02-06,21:32:15,-08:00,2025-02-06T21:32:15-08:00,0,36
projects/projects.js,40,js,ca46e878,Brooklyn P,2025-02-06,21:32:15,-08:00,2025-02-06T21:32:15-08:00,0,2
projects/projects.js,41,js,ca46e878,Brooklyn P,2025-02-06,21:32:15,-08:00,2025-02-06T21:32:15-08:00,0,54
projects/projects.js,42,js,ca46e878,Brooklyn P,2025-02-06,21:32:15,-08:00,2025-02-06T21:32:15-08:00,0,43
projects/projects.js,43,js,ca46e878,Brooklyn P,2025-02-06,21:32:15,-08:00,2025-02-06T21:32:15-08:00,0,52
projects/projects.js,44,js,ca46e878,Brooklyn P,2025-02-06,21:32:15,-08:00,2025-02-06T21:32:15-08:00,0,29
projects/projects.js,45,js,ca46e878,Brooklyn P,2025-02-06,21:32:15,-08:00,2025-02-06T21:32:15-08:00,0,33
projects/projects.js,46,js,ca46e878,Brooklyn P,2025-02-06,21:32:15,-08:00,2025-02-06T21:32:15-08:00,0,36
projects/projects.js,47,js,ca46e878,Brooklyn P,2025-02-06,21:32:15,-08:00,2025-02-06T21:32:15-08:00,0,34
projects/projects.js,48,js,ca46e878,Brooklyn P,2025-02-06,21:32:15,-08:00,2025-02-06T21:32:15-08:00,0,30
projects/projects.js,49,js,ca46e878,Brooklyn P,2025-02-06,21:32:15,-08:00,2025-02-06T21:32:15-08:00,0,49
projects/projects.js,50,js,ca46e878,Brooklyn P,2025-02-06,21:32:15,-08:00,2025-02-06T21:32:15-08:00,0,62
projects/projects.js,51,js,ca46e878,Brooklyn P,2025-02-06,21:32:15,-08:00,2025-02-06T21:32:15-08:00,0,1
projects/projects.js,52,js,ca46e878,Brooklyn P,2025-02-06,21:32:15,-08:00,2025-02-06T21:32:15-08:00,0,28
projects/projects.js,53,js,ca46e878,Brooklyn P,2025-02-06,21:32:15,-08:00,2025-02-06T21:32:15-08:00,0,21
projects/projects.js,54,js,ca46e878,Brooklyn P,2025-02-06,21:32:15,-08:00,2025-02-06T21:32:15-08:00,0,94
projects/projects.js,55,js,ca46e878,Brooklyn P,2025-02-06,21:32:15,-08:00,2025-02-06T21:32:15-08:00,0,28
projects/projects.js,56,js,ca46e878,Brooklyn P,2025-02-06,21:32:15,-08:00,2025-02-06T21:32:15-08:00,0,100
projects/projects.js,57,js,ca46e878,Brooklyn P,2025-02-06,21:32:15,-08:00,2025-02-06T21:32:15-08:00,0,1
projects/projects.js,58,js,ca46e878,Brooklyn P,2025-02-06,21:32:15,-08:00,2025-02-06T21:32:15-08:00,0,0
projects/projects.js,59,js,ca46e878,Brooklyn P,2025-02-06,21:32:15,-08:00,2025-02-06T21:32:15-08:00,0,22
projects/projects.js,60,js,ca46e878,Brooklyn P,2025-02-06,21:32:15,-08:00,2025-02-06T21:32:15-08:00,0,26
projects/projects.js,61,js,ca46e878,Brooklyn P,2025-02-06,21:32:15,-08:00,2025-02-06T21:32:15-08:00,0,30
projects/projects.js,62,js,ca46e878,Brooklyn P,2025-02-06,21:32:15,-08:00,2025-02-06T21:32:15-08:00,0,28
projects/projects.js,63,js,ca46e878,Brooklyn P,2025-02-06,21:32:15,-08:00,2025-02-06T21:32:15-08:00,0,2
projects/projects.js,64,js,ca46e878,Brooklyn P,2025-02-06,21:32:15,-08:00,2025-02-06T21:32:15-08:00,0,14
projects/projects.js,65,js,ca46e878,Brooklyn P,2025-02-06,21:32:15,-08:00,2025-02-06T21:32:15-08:00,0,14
projects/projects.js,66,js,ca46e878,Brooklyn P,2025-02-06,21:32:15,-08:00,2025-02-06T21:32:15-08:00,0,23
projects/projects.js,67,js,ca46e878,Brooklyn P,2025-02-06,21:32:15,-08:00,2025-02-06T21:32:15-08:00,0,19
projects/projects.js,68,js,ca46e878,Brooklyn P,2025-02-06,21:32:15,-08:00,2025-02-06T21:32:15-08:00,0,44
projects/projects.js,69,js,ca46e878,Brooklyn P,2025-02-06,21:32:15,-08:00,2025-02-06T21:32:15-08:00,0,0
projects/projects.js,70,js,ca46e878,Brooklyn P,2025-02-06,21:32:15,-08:00,2025-02-06T21:32:15-08:00,0,2
projects/projects.js,71,js,ca46e878,Brooklyn P,2025-02-06,21:32:15,-08:00,2025-02-06T21:32:15-08:00,0,17
projects/projects.js,72,js,ca46e878,Brooklyn P,2025-02-06,21:32:15,-08:00,2025-02-06T21:32:15-08:00,0,27
projects/projects.js,73,js,ca46e878,Brooklyn P,2025-02-06,21:32:15,-08:00,2025-02-06T21:32:15-08:00,0,63
projects/projects.js,74,js,ca46e878,Brooklyn P,2025-02-06,21:32:15,-08:00,2025-02-06T21:32:15-08:00,0,38
projects/projects.js,75,js,ca46e878,Brooklyn P,2025-02-06,21:32:15,-08:00,2025-02-06T21:32:15-08:00,0,2
projects/projects.js,76,js,ca46e878,Brooklyn P,2025-02-06,21:32:15,-08:00,2025-02-06T21:32:15-08:00,0,0
projects/projects.js,77,js,ca46e878,Brooklyn P,2025-02-06,21:32:15,-08:00,2025-02-06T21:32:15-08:00,0,8
projects/projects.js,78,js,ca46e878,Brooklyn P,2025-02-06,21:32:15,-08:00,2025-02-06T21:32:15-08:00,0,15
projects/projects.js,79,js,ca46e878,Brooklyn P,2025-02-06,21:32:15,-08:00,2025-02-06T21:32:15-08:00,0,27
projects/projects.js,80,js,ca46e878,Brooklyn P,2025-02-06,21:32:15,-08:00,2025-02-06T21:32:15-08:00,0,60
projects/projects.js,81,js,ca46e878,Brooklyn P,2025-02-06,21:32:15,-08:00,2025-02-06T21:32:15-08:00,0,38
projects/projects.js,82,js,ca46e878,Brooklyn P,2025-02-06,21:32:15,-08:00,2025-02-06T21:32:15-08:00,0,2
projects/projects.js,83,js,ca46e878,Brooklyn P,2025-02-06,21:32:15,-08:00,2025-02-06T21:32:15-08:00,0,0
projects/projects.js,84,js,ca46e878,Brooklyn P,2025-02-06,21:32:15,-08:00,2025-02-06T21:32:15-08:00,0,26
projects/projects.js,85,js,ca46e878,Brooklyn P,2025-02-06,21:32:15,-08:00,2025-02-06T21:32:15-08:00,0,26
projects/projects.js,86,js,ca46e878,Brooklyn P,2025-02-06,21:32:15,-08:00,2025-02-06T21:32:15-08:00,0,57
projects/projects.js,87,js,ca46e878,Brooklyn P,2025-02-06,21:32:15,-08:00,2025-02-06T21:32:15-08:00,0,7
projects/projects.js,88,js,ca46e878,Brooklyn P,2025-02-06,21:32:15,-08:00,2025-02-06T21:32:15-08:00,0,47
projects/projects.js,89,js,ca46e878,Brooklyn P,2025-02-06,21:32:15,-08:00,2025-02-06T21:32:15-08:00,0,47
projects/projects.js,90,js,ca46e878,Brooklyn P,2025-02-06,21:32:15,-08:00,2025-02-06T21:32:15-08:00,0,80
projects/projects.js,91,js,ca46e878,Brooklyn P,2025-02-06,21:32:15,-08:00,2025-02-06T21:32:15-08:00,0,34
projects/projects.js,92,js,ca46e878,Brooklyn P,2025-02-06,21:32:15,-08:00,2025-02-06T21:32:15-08:00,0,104
projects/projects.js,93,js,ca46e878,Brooklyn P,2025-02-06,21:32:15,-08:00,2025-02-06T21:32:15-08:00,0,0
projects/projects.js,94,js,ca46e878,Brooklyn P,2025-02-06,21:32:15,-08:00,2025-02-06T21:32:15-08:00,0,2
projects/projects.js,95,js,ca46e878,Brooklyn P,2025-02-06,21:32:15,-08:00,2025-02-06T21:32:15-08:00,0,2
projects/projects.js,96,js,ca46e878,Brooklyn P,2025-02-06,21:32:15,-08:00,2025-02-06T21:32:15-08:00,0,0
projects/projects.js,97,js,ca46e878,Brooklyn P,2025-02-06,21:32:15,-08:00,2025-02-06T21:32:15-08:00,0,0
projects/projects.js,98,js,ca46e878,Brooklyn P,2025-02-06,21:32:15,-08:00,2025-02-06T21:32:15-08:00,0,29
projects/projects.js,99,js,ca46e878,Brooklyn P,2025-02-06,21:32:15,-08:00,2025-02-06T21:32:15-08:00,0,79
projects/index.html,1,html,2ebcda32,Brooklyn P,2025-01-10,12:40:21,-08:00,2025-01-10T12:40:21-08:00,0,14
projects/index.html,2,html,2ebcda32,Brooklyn P,2025-01-10,12:40:21,-08:00,2025-01-10T12:40:21-08:00,0,15
projects/index.html,3,html,2ebcda32,Brooklyn P,2025-01-10,12:40:21,-08:00,2025-01-10T12:40:21-08:00,0,5
projects/index.html,4,html,2ebcda32,Brooklyn P,2025-01-10,12:40:21,-08:00,2025-01-10T12:40:21-08:00,0,21
projects/index.html,5,html,2ebcda32,Brooklyn P,2025-01-10,12:40:21,-08:00,2025-01-10T12:40:21-08:00,0,69
projects/index.html,6,html,2ebcda32,Brooklyn P,2025-01-10,12:40:21,-08:00,2025-01-10T12:40:21-08:00,0,22
projects/index.html,7,html,f866f4d9,Brooklyn P,2025-01-13,20:02:23,-08:00,2025-01-13T20:02:23-08:00,0,42
projects/index.html,8,html,2181c7cb,Brooklyn P,2025-01-23,19:44:26,-08:00,2025-01-23T19:44:26-08:00,0,49
projects/index.html,9,html,2ebcda32,Brooklyn P,2025-01-10,12:40:21,-08:00,2025-01-10T12:40:21-08:00,0,6
projects/index.html,10,html,2ebcda32,Brooklyn P,2025-01-10,12:40:21,-08:00,2025-01-10T12:40:21-08:00,0,5
projects/index.html,11,html,7ed9967e,Brooklyn P,2025-01-30,21:58:20,-08:00,2025-01-30T21:58:20-08:00,0,39
projects/index.html,12,html,ca46e878,Brooklyn P,2025-02-06,21:32:15,-08:00,2025-02-06T21:32:15-08:00,0,22
projects/index.html,13,html,ca46e878,Brooklyn P,2025-02-06,21:32:15,-08:00,2025-02-06T21:32:15-08:00,0,59
projects/index.html,14,html,ca46e878,Brooklyn P,2025-02-06,21:32:15,-08:00,2025-02-06T21:32:15-08:00,0,23
projects/index.html,15,html,ca46e878,Brooklyn P,2025-02-06,21:32:15,-08:00,2025-02-06T21:32:15-08:00,0,5
projects/index.html,16,html,ca46e878,Brooklyn P,2025-02-06,21:32:15,-08:00,2025-02-06T21:32:15-08:00,0,5
projects/index.html,17,html,ca46e878,Brooklyn P,2025-02-06,21:32:15,-08:00,2025-02-06T21:32:15-08:00,0,16
projects/index.html,18,html,ca46e878,Brooklyn P,2025-02-06,21:32:15,-08:00,2025-02-06T21:32:15-08:00,0,12
projects/index.html,19,html,ca46e878,Brooklyn P,2025-02-06,21:32:15,-08:00,2025-02-06T21:32:15-08:00,0,27
projects/index.html,20,html,ca46e878,Brooklyn P,2025-02-06,21:32:15,-08:00,2025-02-06T21:32:15-08:00,0,32
projects/index.html,21,html,ca46e878,Brooklyn P,2025-02-06,21:32:15,-08:00,2025-02-06T21:32:15-08:00,0,1
projects/index.html,22,html,f866f4d9,Brooklyn P,2025-01-13,20:02:23,-08:00,2025-01-13T20:02:23-08:00,0,21
projects/index.html,23,html,7ed9967e,Brooklyn P,2025-01-30,21:58:20,-08:00,2025-01-30T21:58:20-08:00,0,49
projects/index.html,24,html,7ed9967e,Brooklyn P,2025-01-30,21:58:20,-08:00,2025-01-30T21:58:20-08:00,0,48
projects/index.html,25,html,f866f4d9,Brooklyn P,2025-01-13,20:02:23,-08:00,2025-01-13T20:02:23-08:00,0,5
projects/index.html,26,html,2ebcda32,Brooklyn P,2025-01-10,12:40:21,-08:00,2025-01-10T12:40:21-08:00,0,6
projects/index.html,27,html,2ebcda32,Brooklyn P,2025-01-10,12:40:21,-08:00,2025-01-10T12:40:21-08:00,0,6
meta/main.js,1,js,b4ab22b6,Brooklyn P,2025-02-12,19:28:23,-08:00,2025-02-12T19:28:23-08:00,0,13
meta/main.js,2,js,b4ab22b6,Brooklyn P,2025-02-12,19:28:23,-08:00,2025-02-12T19:28:23-08:00,0,0
meta/main.js,3,js,b4ab22b6,Brooklyn P,2025-02-12,19:28:23,-08:00,2025-02-12T19:28:23-08:00,0,26
meta/main.js,4,js,b4ab22b6,Brooklyn P,2025-02-12,19:28:23,-08:00,2025-02-12T19:28:23-08:00,0,41
meta/main.js,5,js,b4ab22b6,Brooklyn P,2025-02-12,19:28:23,-08:00,2025-02-12T19:28:23-08:00,0,6
meta/main.js,6,js,b4ab22b6,Brooklyn P,2025-02-12,19:28:23,-08:00,2025-02-12T19:28:23-08:00,0,43
meta/main.js,7,js,b4ab22b6,Brooklyn P,2025-02-12,19:28:23,-08:00,2025-02-12T19:28:23-08:00,0,24
meta/main.js,8,js,b4ab22b6,Brooklyn P,2025-02-12,19:28:23,-08:00,2025-02-12T19:28:23-08:00,0,26
meta/main.js,9,js,b4ab22b6,Brooklyn P,2025-02-12,19:28:23,-08:00,2025-02-12T19:28:23-08:00,0,50
meta/main.js,10,js,b4ab22b6,Brooklyn P,2025-02-12,19:28:23,-08:00,2025-02-12T19:28:23-08:00,0,32
meta/main.js,11,js,b4ab22b6,Brooklyn P,2025-02-12,19:28:23,-08:00,2025-02-12T19:28:23-08:00,0,3
meta/main.js,12,js,b4ab22b6,Brooklyn P,2025-02-12,19:28:23,-08:00,2025-02-12T19:28:23-08:00,0,0
meta/main.js,13,js,b4ab22b6,Brooklyn P,2025-02-12,19:28:23,-08:00,2025-02-12T19:28:23-08:00,0,14
meta/main.js,14,js,b4ab22b6,Brooklyn P,2025-02-12,19:28:23,-08:00,2025-02-12T19:28:23-08:00,0,0
meta/main.js,15,js,b4ab22b6,Brooklyn P,2025-02-12,19:28:23,-08:00,2025-02-12T19:28:23-08:00,0,0
meta/main.js,16,js,b4ab22b6,Brooklyn P,2025-02-12,19:28:23,-08:00,2025-02-12T19:28:23-08:00,0,58
meta/main.js,17,js,b4ab22b6,Brooklyn P,2025-02-12,19:28:23,-08:00,2025-02-12T19:28:23-08:00,0,16
meta/main.js,18,js,b4ab22b6,Brooklyn P,2025-02-12,19:28:23,-08:00,2025-02-12T19:28:23-08:00,0,2
meta/main.js,19,js,b4ab22b6,Brooklyn P,2025-02-12,19:28:23,-08:00,2025-02-12T19:28:23-08:00,0,0
meta/main.js,20,js,b4ab22b6,Brooklyn P,2025-02-12,19:28:23,-08:00,2025-02-12T19:28:23-08:00,0,46
meta/main.js,21,js,b4ab22b6,Brooklyn P,2025-02-12,19:28:23,-08:00,2025-02-12T19:28:23-08:00,0,26
meta/main.js,22,js,b4ab22b6,Brooklyn P,2025-02-12,19:28:23,-08:00,2025-02-12T19:28:23-08:00,0,11
meta/main.js,23,js,b4ab22b6,Brooklyn P,2025-02-12,19:28:23,-08:00,2025-02-12T19:28:23-08:00,0,29
meta/main.js,24,js,b4ab22b6,Brooklyn P,2025-02-12,19:28:23,-08:00,2025-02-12T19:28:23-08:00,0,26
meta/main.js,25,js,b4ab22b6,Brooklyn P,2025-02-12,19:28:23,-08:00,2025-02-12T19:28:23-08:00,0,20
meta/main.js,26,js,b4ab22b6,Brooklyn P,2025-02-12,19:28:23,-08:00,2025-02-12T19:28:23-08:00,0,54
meta/main.js,27,js,b4ab22b6,Brooklyn P,2025-02-12,19:28:23,-08:00,2025-02-12T19:28:23-08:00,0,0
meta/main.js,28,js,b4ab22b6,Brooklyn P,2025-02-12,19:28:23,-08:00,2025-02-12T19:28:23-08:00,0,10
meta/main.js,29,js,b4ab22b6,Brooklyn P,2025-02-12,19:28:23,-08:00,2025-02-12T19:28:23-08:00,0,10
meta/main.js,30,js,b4ab22b6,Brooklyn P,2025-02-12,19:28:23,-08:00,2025-02-12T19:28:23-08:00,0,63
meta/main.js,31,js,b4ab22b6,Brooklyn P,2025-02-12,19:28:23,-08:00,2025-02-12T19:28:23-08:00,0,6
meta/main.js,32,js,b4ab22b6,Brooklyn P,2025-02-12,19:28:23,-08:00,2025-02-12T19:28:23-08:00,0,4
meta/main.js,33,js,b4ab22b6,Brooklyn P,2025-02-12,19:28:23,-08:00,2025-02-12T19:28:23-08:00,0,4
meta/main.js,34,js,b4ab22b6,Brooklyn P,2025-02-12,19:28:23,-08:00,2025-02-12T19:28:23-08:00,0,8
meta/main.js,35,js,b4ab22b6,Brooklyn P,2025-02-12,19:28:23,-08:00,2025-02-12T19:28:23-08:00,0,8
meta/main.js,36,js,b4ab22b6,Brooklyn P,2025-02-12,19:28:23,-08:00,2025-02-12T19:28:23-08:00,0,58
meta/main.js,37,js,b4ab22b6,Brooklyn P,2025-02-12,19:28:23,-08:00,2025-02-12T19:28:23-08:00,0,24
meta/main.js,38,js,b4ab22b6,Brooklyn P,2025-02-12,19:28:23,-08:00,2025-02-12T19:28:23-08:00,0,1
meta/main.js,39,js,b4ab22b6,Brooklyn P,2025-02-12,19:28:23,-08:00,2025-02-12T19:28:23-08:00,0,0
meta/main.js,40,js,b4ab22b6,Brooklyn P,2025-02-12,19:28:23,-08:00,2025-02-12T19:28:23-08:00,0,36
meta/main.js,41,js,b4ab22b6,Brooklyn P,2025-02-12,19:28:23,-08:00,2025-02-12T19:28:23-08:00,0,11
meta/main.js,42,js,b4ab22b6,Brooklyn P,2025-02-12,19:28:23,-08:00,2025-02-12T19:28:23-08:00,0,39
meta/main.js,43,js,b4ab22b6,Brooklyn P,2025-02-12,19:28:23,-08:00,2025-02-12T19:28:23-08:00,0,54
meta/main.js,44,js,b4ab22b6,Brooklyn P,2025-02-12,19:28:23,-08:00,2025-02-12T19:28:23-08:00,0,2
meta/main.js,45,js,b4ab22b6,Brooklyn P,2025-02-12,19:28:23,-08:00,2025-02-12T19:28:23-08:00,0,0
meta/main.js,46,js,b4ab22b6,Brooklyn P,2025-02-12,19:28:23,-08:00,2025-02-12T19:28:23-08:00,0,10
meta/main.js,47,js,b4ab22b6,Brooklyn P,2025-02-12,19:28:23,-08:00,2025-02-12T19:28:23-08:00,0,2
meta/main.js,48,js,b4ab22b6,Brooklyn P,2025-02-12,19:28:23,-08:00,2025-02-12T19:28:23-08:00,0,0
meta/main.js,49,js,b4ab22b6,Brooklyn P,2025-02-12,19:28:23,-08:00,2025-02-12T19:28:23-08:00,0,0
meta/main.js,50,js,b4ab22b6,Brooklyn P,2025-02-12,19:28:23,-08:00,2025-02-12T19:28:23-08:00,0,24
meta/main.js,51,js,b4ab22b6,Brooklyn P,2025-02-12,19:28:23,-08:00,2025-02-12T19:28:23-08:00,0,23
meta/main.js,52,js,b4ab22b6,Brooklyn P,2025-02-12,19:28:23,-08:00,2025-02-12T19:28:23-08:00,0,16
meta/main.js,53,js,b4ab22b6,Brooklyn P,2025-02-12,19:28:23,-08:00,2025-02-12T19:28:23-08:00,0,0
meta/main.js,54,js,b4ab22b6,Brooklyn P,2025-02-12,19:28:23,-08:00,2025-02-12T19:28:23-08:00,0,23
meta/main.js,55,js,b4ab22b6,Brooklyn P,2025-02-12,19:28:23,-08:00,2025-02-12T19:28:23-08:00,0,66
meta/main.js,56,js,b4ab22b6,Brooklyn P,2025-02-12,19:28:23,-08:00,2025-02-12T19:28:23-08:00,0,0
meta/main.js,57,js,b4ab22b6,Brooklyn P,2025-02-12,19:28:23,-08:00,2025-02-12T19:28:23-08:00,0,15
meta/main.js,58,js,b4ab22b6,Brooklyn P,2025-02-12,19:28:23,-08:00,2025-02-12T19:28:23-08:00,0,68
meta/main.js,59,js,b4ab22b6,Brooklyn P,2025-02-12,19:28:23,-08:00,2025-02-12T19:28:23-08:00,0,33
meta/main.js,60,js,b4ab22b6,Brooklyn P,2025-02-12,19:28:23,-08:00,2025-02-12T19:28:23-08:00,0,0
meta/main.js,61,js,b4ab22b6,Brooklyn P,2025-02-12,19:28:23,-08:00,2025-02-12T19:28:23-08:00,0,19
meta/main.js,62,js,b4ab22b6,Brooklyn P,2025-02-12,19:28:23,-08:00,2025-02-12T19:28:23-08:00,0,37
meta/main.js,63,js,b4ab22b6,Brooklyn P,2025-02-12,19:28:23,-08:00,2025-02-12T19:28:23-08:00,0,36
meta/main.js,64,js,b4ab22b6,Brooklyn P,2025-02-12,19:28:23,-08:00,2025-02-12T19:28:23-08:00,0,0
meta/main.js,65,js,b4ab22b6,Brooklyn P,2025-02-12,19:28:23,-08:00,2025-02-12T19:28:23-08:00,0,39
meta/main.js,66,js,b4ab22b6,Brooklyn P,2025-02-12,19:28:23,-08:00,2025-02-12T19:28:23-08:00,0,54
meta/main.js,67,js,b4ab22b6,Brooklyn P,2025-02-12,19:28:23,-08:00,2025-02-12T19:28:23-08:00,0,0
meta/main.js,68,js,b4ab22b6,Brooklyn P,2025-02-12,19:28:23,-08:00,2025-02-12T19:28:23-08:00,0,39
meta/main.js,69,js,b4ab22b6,Brooklyn P,2025-02-12,19:28:23,-08:00,2025-02-12T19:28:23-08:00,0,61
meta/main.js,70,js,b4ab22b6,Brooklyn P,2025-02-12,19:28:23,-08:00,2025-02-12T19:28:23-08:00,0,0
meta/main.js,71,js,b4ab22b6,Brooklyn P,2025-02-12,19:28:23,-08:00,2025-02-12T19:28:23-08:00,0,39
meta/main.js,72,js,b4ab22b6,Brooklyn P,2025-02-12,19:28:23,-08:00,2025-02-12T19:28:23-08:00,0,49
meta/main.js,73,js,b4ab22b6,Brooklyn P,2025-02-12,19:28:23,-08:00,2025-02-12T19:28:23-08:00,0,0
meta/main.js,74,js,b4ab22b6,Brooklyn P,2025-02-12,19:28:23,-08:00,2025-02-12T19:28:23-08:00,0,39
meta/main.js,75,js,b4ab22b6,Brooklyn P,2025-02-12,19:28:23,-08:00,2025-02-12T19:28:23-08:00,0,30
meta/main.js,76,js,b4ab22b6,Brooklyn P,2025-02-12,19:28:23,-08:00,2025-02-12T19:28:23-08:00,0,4
meta/main.js,77,js,b4ab22b6,Brooklyn P,2025-02-12,19:28:23,-08:00,2025-02-12T19:28:23-08:00,0,31
meta/main.js,78,js,b4ab22b6,Brooklyn P,2025-02-12,19:28:23,-08:00,2025-02-12T19:28:23-08:00,0,12
meta/main.js,79,js,b4ab22b6,Brooklyn P,2025-02-12,19:28:23,-08:00,2025-02-12T19:28:23-08:00,0,1
meta/main.js,80,js,b4ab22b6,Brooklyn P,2025-02-12,19:28:23,-08:00,2025-02-12T19:28:23-08:00,0,66
meta/main.js,81,js,b4ab22b6,Brooklyn P,2025-02-12,19:28:23,-08:00,2025-02-12T19:28:23-08:00,0,0
meta/main.js,82,js,b4ab22b6,Brooklyn P,2025-02-12,19:28:23,-08:00,2025-02-12T19:28:23-08:00,0,29
meta/main.js,83,js,b4ab22b6,Brooklyn P,2025-02-12,19:28:23,-08:00,2025-02-12T19:28:23-08:00,0,0
meta/index.html,1,html,fa410156,Brooklyn P,2025-02-12,18:38:02,-08:00,2025-02-12T18:38:02-08:00,0,14
meta/index.html,2,html,fa410156,Brooklyn P,2025-02-12,18:38:02,-08:00,2025-02-12T18:38:02-08:00,0,15
meta/index.html,3,html,fa410156,Brooklyn P,2025-02-12,18:38:02,-08:00,2025-02-12T18:38:02-08:00,0,5
meta/index.html,4,html,fa410156,Brooklyn P,2025-02-12,18:38:02,-08:00,2025-02-12T18:38:02-08:00,0,21
meta/index.html,5,html,fa410156,Brooklyn P,2025-02-12,18:38:02,-08:00,2025-02-12T18:38:02-08:00,0,69
meta/index.html,6,html,fa410156,Brooklyn P,2025-02-12,18:38:02,-08:00,2025-02-12T18:38:02-08:00,0,18
meta/index.html,7,html,fa410156,Brooklyn P,2025-02-12,18:38:02,-08:00,2025-02-12T18:38:02-08:00,0,42
meta/index.html,8,html,fa410156,Brooklyn P,2025-02-12,18:38:02,-08:00,2025-02-12T18:38:02-08:00,0,49
meta/index.html,9,html,b4ab22b6,Brooklyn P,2025-02-12,19:28:23,-08:00,2025-02-12T19:28:23-08:00,0,44
meta/index.html,10,html,b4ab22b6,Brooklyn P,2025-02-12,19:28:23,-08:00,2025-02-12T19:28:23-08:00,0,52
meta/index.html,11,html,fa410156,Brooklyn P,2025-02-12,18:38:02,-08:00,2025-02-12T18:38:02-08:00,0,6
meta/index.html,12,html,fa410156,Brooklyn P,2025-02-12,18:38:02,-08:00,2025-02-12T18:38:02-08:00,0,5
meta/index.html,13,html,fa410156,Brooklyn P,2025-02-12,18:38:02,-08:00,2025-02-12T18:38:02-08:00,0,12
meta/index.html,14,html,fa410156,Brooklyn P,2025-02-12,18:38:02,-08:00,2025-02-12T18:38:02-08:00,0,62
meta/index.html,15,html,b4ab22b6,Brooklyn P,2025-02-12,19:28:23,-08:00,2025-02-12T19:28:23-08:00,0,15
meta/index.html,16,html,b4ab22b6,Brooklyn P,2025-02-12,19:28:23,-08:00,2025-02-12T19:28:23-08:00,0,21
meta/index.html,17,html,fa410156,Brooklyn P,2025-02-12,18:38:02,-08:00,2025-02-12T18:38:02-08:00,0,6
meta/index.html,18,html,fa410156,Brooklyn P,2025-02-12,18:38:02,-08:00,2025-02-12T18:38:02-08:00,0,6
contact/index.html,1,html,2ebcda32,Brooklyn P,2025-01-10,12:40:21,-08:00,2025-01-10T12:40:21-08:00,0,14
contact/index.html,2,html,2ebcda32,Brooklyn P,2025-01-10,12:40:21,-08:00,2025-01-10T12:40:21-08:00,0,15
contact/index.html,3,html,2ebcda32,Brooklyn P,2025-01-10,12:40:21,-08:00,2025-01-10T12:40:21-08:00,0,5
contact/index.html,4,html,2ebcda32,Brooklyn P,2025-01-10,12:40:21,-08:00,2025-01-10T12:40:21-08:00,0,21
contact/index.html,5,html,2ebcda32,Brooklyn P,2025-01-10,12:40:21,-08:00,2025-01-10T12:40:21-08:00,0,69
contact/index.html,6,html,2ebcda32,Brooklyn P,2025-01-10,12:40:21,-08:00,2025-01-10T12:40:21-08:00,0,21
contact/index.html,7,html,f866f4d9,Brooklyn P,2025-01-13,20:02:23,-08:00,2025-01-13T20:02:23-08:00,0,42
contact/index.html,8,html,2181c7cb,Brooklyn P,2025-01-23,19:44:26,-08:00,2025-01-23T19:44:26-08:00,0,49
contact/index.html,9,html,2ebcda32,Brooklyn P,2025-01-10,12:40:21,-08:00,2025-01-10T12:40:21-08:00,0,6
contact/index.html,10,html,2ebcda32,Brooklyn P,2025-01-10,12:40:21,-08:00,2025-01-10T12:40:21-08:00,0,5
contact/index.html,11,html,2ebcda32,Brooklyn P,2025-01-10,12:40:21,-08:00,2025-01-10T12:40:21-08:00,0,15
contact/index.html,12,html,2181c7cb,Brooklyn P,2025-01-23,19:44:26,-08:00,2025-01-23T19:44:26-08:00,0,38
contact/index.html,13,html,2ebcda32,Brooklyn P,2025-01-10,12:40:21,-08:00,2025-01-10T12:40:21-08:00,0,44
contact/index.html,14,html,2ebcda32,Brooklyn P,2025-01-10,12:40:21,-08:00,2025-01-10T12:40:21-08:00,0,52
contact/index.html,15,html,2ebcda32,Brooklyn P,2025-01-10,12:40:21,-08:00,2025-01-10T12:40:21-08:00,0,22
contact/index.html,16,html,2ebcda32,Brooklyn P,2025-01-10,12:40:21,-08:00,2025-01-10T12:40:21-08:00,0,6
contact/index.html,17,html,2ebcda32,Brooklyn P,2025-01-10,12:40:21,-08:00,2025-01-10T12:40:21-08:00,0,6
contact/index.html,18,html,2ebcda32,Brooklyn P,2025-01-10,12:40:21,-08:00,2025-01-10T12:40:21-08:00,0,6
